simulation_index,param_file,cycle_detail_csv,life_detail_csv,80soh_cycle,Initial SEI thickness [m]__multiplier,SEI solvent diffusivity [m2.s-1]__multiplier,Lithium plating kinetic rate constant [m.s-1]__multiplier,Dead lithium decay constant [s-1]__multiplier,Negative electrode critical stress [Pa]__multiplier,Negative electrode LAM constant proportional term [s-1]__multiplier,Initial SEI thickness [m]__value,SEI solvent diffusivity [m2.s-1]__value,Lithium plating kinetic rate constant [m.s-1]__value,Dead lithium decay constant [s-1]__value,Negative electrode critical stress [Pa]__value,Negative electrode LAM constant proportional term [s-1]__value
0,/home/peiheng/Pybamm4NMC/parameterset/set2.json,cycle_qv_csv/sim_000000.csv,life_soh_csv/sim_000000.csv,376,2.0,30.0,50.0,50.0,1.2,3.0,1e-08,7.499999999999999e-21,5.0000000000000004e-08,4.9999999999999996e-05,72000000.0,1.2e-05
1,/home/peiheng/Pybamm4NMC/parameterset/set2.json,cycle_qv_csv/sim_000001.csv,life_soh_csv/sim_000001.csv,696,1.0,5.0,5.0,5.0,0.8,1.0,5e-09,1.25e-21,5e-09,4.9999999999999996e-06,48000000.0,4e-06
2,/home/peiheng/Pybamm4NMC/parameterset/set2.json,cycle_qv_csv/sim_000002.csv,life_soh_csv/sim_000002.csv,304,1.164706017093982,11.081809316243055,20.63547571565406,48.96290856481998,1.0412047049457485,2.5469763733360566,5.8235300854699105e-09,2.7704523290607636e-21,2.0635475715654062e-08,4.896290856481998e-05,62472282.296744905,1.0187905493344226e-05
3,/home/peiheng/Pybamm4NMC/parameterset/set2.json,cycle_qv_csv/sim_000003.csv,life_soh_csv/sim_000003.csv,508,1.509581875246618,29.13570500688404,45.38888059103937,28.11935360124958,0.8243514772385234,1.188758849732801,7.54790937623309e-09,7.28392625172101e-21,4.538888059103937e-08,2.811935360124958e-05,49461088.63431141,4.7550353989312035e-06
4,/home/peiheng/Pybamm4NMC/parameterset/set2.json,cycle_qv_csv/sim_000004.csv,life_soh_csv/sim_000004.csv,663,1.2719698004878235,19.956990739452827,6.454247831179758,18.33158634918305,1.1536296370737416,1.6920229528483954,6.359849002439118e-09,4.989247684863206e-21,6.454247831179759e-09,1.833158634918305e-05,69217778.2244245,6.768091811393581e-06
5,/home/peiheng/Pybamm4NMC/parameterset/set2.json,cycle_qv_csv/sim_000005.csv,life_soh_csv/sim_000005.csv,282,1.9001093589224896,6.505734259835268,43.072499610403995,26.566790038020812,0.8751105515751103,2.10431883984617,9.500546794612448e-09,1.626433564958817e-21,4.3072499610404e-08,2.6566790038020812e-05,52506633.09450662,8.41727535938468e-06
6,/home/peiheng/Pybamm4NMC/parameterset/set2.json,cycle_qv_csv/sim_000006.csv,life_soh_csv/sim_000006.csv,345,1.10195775157144,17.453453385124277,30.47487558749116,34.65363127896915,1.0540699754113227,2.843616498566134,5.509788757857201e-09,4.363363346281069e-21,3.047487558749116e-08,3.465363127896915e-05,63244198.52467936,1.1374465994264536e-05
7,/home/peiheng/Pybamm4NMC/parameterset/set2.json,cycle_qv_csv/sim_000007.csv,life_soh_csv/sim_000007.csv,284,1.3853596784315498,21.047842965331956,37.52294633796882,39.503033202097384,0.9134624031814373,2.430533677425268,6.92679839215775e-09,5.261960741332988e-21,3.752294633796882e-08,3.950303320209738e-05,54807744.190886244,9.72213470970107e-06
8,/home/peiheng/Pybamm4NMC/parameterset/set2.json,cycle_qv_csv/sim_000008.csv,life_soh_csv/sim_000008.csv,713,1.775369555852067,11.671182147363323,25.815661837039304,7.660388277329579,0.9964256596688301,1.3541903974622356,8.876847779260336e-09,2.9177955368408307e-21,2.5815661837039307e-08,7.660388277329579e-06,59785539.58012981,5.416761589848942e-06
9,/home/peiheng/Pybamm4NMC/parameterset/set2.json,cycle_qv_csv/sim_000009.csv,life_soh_csv/sim_000009.csv,591,1.7202617000462979,24.4844886059261,15.27332204651336,14.490824808589435,1.1492762761604967,1.9918620195983525,8.60130850023149e-09,6.1211221514815245e-21,1.5273322046513362e-08,1.4490824808589435e-05,68956576.5696298,7.96744807839341e-06
10,/home/peiheng/Pybamm4NMC/parameterset/set2.json,cycle_qv_csv/sim_000010.csv,life_soh_csv/sim_000010.csv,426,1.9276505351435942,26.65515414601336,47.252840949481865,40.942935340802755,0.8628060446340172,1.3925424198914382,9.63825267571797e-09,6.663788536503339e-21,4.725284094948187e-08,4.094293534080275e-05,51768362.67804103,5.570169679565753e-06
11,/home/peiheng/Pybamm4NMC/parameterset/set2.json,cycle_qv_csv/sim_000011.csv,life_soh_csv/sim_000011.csv,366,1.462149733409702,14.356593645882908,23.24480579292899,32.68863516763301,1.1755005981170543,2.923909725804386,7.31074866704851e-09,3.589148411470727e-21,2.324480579292899e-08,3.268863516763301e-05,70530035.88702326,1.1695638903217543e-05
12,/home/peiheng/Pybamm4NMC/parameterset/set2.json,cycle_qv_csv/sim_000012.csv,life_soh_csv/sim_000012.csv,476,1.644897229727955,5.154762930468487,31.331330494619095,22.450053374789803,1.133123547469483,1.796971972371606,8.224486148639774e-09,1.2886907326171216e-21,3.1331330494619096e-08,2.24500533747898e-05,67987412.84816898,7.187887889486424e-06
13,/home/peiheng/Pybamm4NMC/parameterset/set2.json,cycle_qv_csv/sim_000013.csv,life_soh_csv/sim_000013.csv,468,1.5251445502426106,15.452233821840379,14.963543066887219,49.22558113582474,1.0787814430536495,1.7121153117451733,7.625722751213054e-09,3.8630584554600944e-21,1.496354306688722e-08,4.9225581135824735e-05,64726886.58321897,6.848461246980693e-06
14,/home/peiheng/Pybamm4NMC/parameterset/set2.json,cycle_qv_csv/sim_000014.csv,life_soh_csv/sim_000014.csv,408,1.7658408814014934,23.19022888285062,21.70459252843066,18.729220566123132,1.028559687332399,2.2853506446101615,8.829204407007467e-09,5.797557220712654e-21,2.170459252843066e-08,1.8729220566123132e-05,61713581.23994394,9.141402578440645e-06
15,/home/peiheng/Pybamm4NMC/parameterset/set2.json,cycle_qv_csv/sim_000015.csv,life_soh_csv/sim_000015.csv,375,1.3548960780588757,28.8738946894006,7.022131605316735,33.51267865843385,0.9869099488954783,2.077975396604538,6.774480390294379e-09,7.218473672350149e-21,7.022131605316735e-09,3.3512678658433847e-05,59214596.9337287,8.311901586418152e-06
16,/home/peiheng/Pybamm4NMC/parameterset/set2.json,cycle_qv_csv/sim_000016.csv,life_soh_csv/sim_000016.csv,613,1.2313684184555798,18.312015708059135,42.72585528300654,9.253933786791459,0.8385089281077542,1.1573372087081086,6.156842092277899e-09,4.5780039270147835e-21,4.2725855283006544e-08,9.253933786791457e-06,50310535.686465256,4.629348834832434e-06
17,/home/peiheng/Pybamm4NMC/parameterset/set2.json,cycle_qv_csv/sim_000017.csv,life_soh_csv/sim_000017.csv,379,1.0839306140648566,9.335494775568279,35.68597587392205,12.033257534988639,0.935252285728698,2.5098615679062424,5.419653070324283e-09,2.3338736938920693e-21,3.568597587392205e-08,1.2033257534988638e-05,56115137.14372188,1.0039446271624969e-05
18,/home/peiheng/Pybamm4NMC/parameterset/set2.json,cycle_qv_csv/sim_000018.csv,life_soh_csv/sim_000018.csv,433,1.9019158158375968,17.826799823087203,13.658369415843326,44.15852928761251,1.184234736989373,2.246176687576897,9.509579079187984e-09,4.4566999557718e-21,1.3658369415843327e-08,4.415852928761251e-05,71054084.2193624,8.984706750307587e-06
19,/home/peiheng/Pybamm4NMC/parameterset/set2.json,cycle_qv_csv/sim_000019.csv,life_soh_csv/sim_000019.csv,218,1.7063532893586122,24.814656190978226,9.133159256412391,29.457394033769685,0.8036259901688239,2.883465310353891,8.531766446793061e-09,6.203664047744556e-21,9.133159256412392e-09,2.9457394033769683e-05,48217559.41012943,1.1533861241415564e-05
20,/home/peiheng/Pybamm4NMC/parameterset/set2.json,cycle_qv_csv/sim_000020.csv,life_soh_csv/sim_000020.csv,278,1.4741113049168084,14.616517985500694,22.179556563447882,49.241155696705704,0.9050180733115959,1.9269627082903973,7.370556524584042e-09,3.6541294963751736e-21,2.2179556563447883e-08,4.92411556967057e-05,54301084.39869575,7.70785083316159e-06
21,/home/peiheng/Pybamm4NMC/parameterset/set2.json,cycle_qv_csv/sim_000021.csv,life_soh_csv/sim_000021.csv,582,1.1089780695974694,7.756010343021098,17.603093316395864,27.002510856394025,1.061842412819683,1.4400953615034529,5.544890347987347e-09,1.939002585755274e-21,1.7603093316395865e-08,2.7002510856394025e-05,63710544.76918098,5.7603814460138115e-06
22,/home/peiheng/Pybamm4NMC/parameterset/set2.json,cycle_qv_csv/sim_000022.csv,life_soh_csv/sim_000022.csv,521,1.822652026259635,13.928069669656038,29.45373239118627,19.29995416144437,1.0303084924331136,1.5488317156204463,9.113260131298176e-09,3.482017417414009e-21,2.9453732391186272e-08,1.9299954161444367e-05,61818509.54598682,6.195326862481785e-06
23,/home/peiheng/Pybamm4NMC/parameterset/set2.json,cycle_qv_csv/sim_000023.csv,life_soh_csv/sim_000023.csv,875,1.3176231111982772,21.58884894588934,45.601311441350525,35.291292922391214,1.1019304552614784,1.1122804881445847,6.588115555991386e-09,5.397212236472334e-21,4.560131144135053e-08,3.5291292922391216e-05,66115827.3156887,4.449121952578338e-06
24,/home/peiheng/Pybamm4NMC/parameterset/set2.json,cycle_qv_csv/sim_000024.csv,life_soh_csv/sim_000024.csv,332,1.222623434091124,9.556625490832243,42.99936698281321,10.156285528190708,0.8621818954128274,2.433875612874721,6.11311717045562e-09,2.3891563727080603e-21,4.2999366982813206e-08,1.0156285528190707e-05,51730913.724769644,9.735502451498884e-06
25,/home/peiheng/Pybamm4NMC/parameterset/set2.json,cycle_qv_csv/sim_000025.csv,life_soh_csv/sim_000025.csv,362,1.5857949453697513,26.911428568384878,36.49686219727708,13.767619460974919,0.9539700635031104,2.5524834054298715,7.928974726848757e-09,6.727857142096219e-21,3.6496862197277085e-08,1.3767619460974917e-05,57238203.810186625,1.0209933621719485e-05
26,/home/peiheng/Pybamm4NMC/parameterset/set2.json,cycle_qv_csv/sim_000026.csv,life_soh_csv/sim_000026.csv,841,1.1615592496724427,28.62690313323158,5.470839074887047,19.5724956361778,0.9986142496506591,1.0684653400437134,5.807796248362214e-09,7.156725783307894e-21,5.470839074887047e-09,1.95724956361778e-05,59916854.97903955,4.273861360174853e-06
27,/home/peiheng/Pybamm4NMC/parameterset/set2.json,cycle_qv_csv/sim_000027.csv,life_soh_csv/sim_000027.csv,265,1.6267772637149394,19.167619291036665,44.641347187884314,37.83543289040941,0.8893570155976156,2.414621989555231,8.133886318574697e-09,4.791904822759166e-21,4.464134718788432e-08,3.7835432890409404e-05,53361420.93585694,9.658487958220923e-06
28,/home/peiheng/Pybamm4NMC/parameterset/set2.json,cycle_qv_csv/sim_000028.csv,life_soh_csv/sim_000028.csv,234,1.3242567454943575,24.064193161347557,16.4046325439869,30.25505620863948,0.8151627861322742,2.8430952563520355,6.621283727471788e-09,6.0160482903368885e-21,1.64046325439869e-08,3.025505620863948e-05,48909767.16793645,1.1372381025408142e-05
29,/home/peiheng/Pybamm4NMC/parameterset/set2.json,cycle_qv_csv/sim_000029.csv,life_soh_csv/sim_000029.csv,849,1.8924334057021912,23.413182724130547,35.59057908796531,6.0781470865625336,1.0612886441512663,1.308134511789817,9.462167028510956e-09,5.853295681032636e-21,3.559057908796531e-08,6.0781470865625334e-06,63677318.64907598,5.232538047159268e-06
30,/home/peiheng/Pybamm4NMC/parameterset/set2.json,cycle_qv_csv/sim_000030.csv,life_soh_csv/sim_000030.csv,605,1.0023499956527173,14.286550575429326,26.90320022659477,26.637523080950025,1.1209559093087593,1.6422906792967704,5.011749978263586e-09,3.571637643857331e-21,2.690320022659477e-08,2.6637523080950024e-05,67257354.55852556,6.5691627171870815e-06
31,/home/peiheng/Pybamm4NMC/parameterset/set2.json,cycle_qv_csv/sim_000031.csv,life_soh_csv/sim_000031.csv,445,1.6169838237610106,16.62755274029142,14.051973569306668,47.154474391884236,1.1622130553944998,2.127744074296685,8.084919118805053e-09,4.156888185072855e-21,1.4051973569306668e-08,4.715447439188423e-05,69732783.32366998,8.51097629718674e-06
32,/home/peiheng/Pybamm4NMC/parameterset/set2.json,cycle_qv_csv/sim_000032.csv,life_soh_csv/sim_000032.csv,270,1.3967840512079983,9.561037061145797,31.11584449027343,39.84137667003562,0.9406810726658805,2.5276777420534424,6.983920256039992e-09,2.390259265286449e-21,3.111584449027343e-08,3.984137667003562e-05,56440864.35995283,1.0110710968213769e-05
33,/home/peiheng/Pybamm4NMC/parameterset/set2.json,cycle_qv_csv/sim_000033.csv,life_soh_csv/sim_000033.csv,460,1.7908232865636093,5.145696087424241,43.1946331485961,14.940805414599845,1.0271720611129975,1.9628110470034046,8.954116432818048e-09,1.2864240218560602e-21,4.31946331485961e-08,1.4940805414599844e-05,61630323.66677985,7.851244188013619e-06
34,/home/peiheng/Pybamm4NMC/parameterset/set2.json,cycle_qv_csv/sim_000034.csv,life_soh_csv/sim_000034.csv,486,1.0883544700185401,11.603879440988333,36.67388929629267,25.043032539503034,1.0861863274241486,2.1115888512871344,5.441772350092701e-09,2.900969860247083e-21,3.6673889296292677e-08,2.5043032539503034e-05,65171179.645448916,8.446355405148537e-06
35,/home/peiheng/Pybamm4NMC/parameterset/set2.json,cycle_qv_csv/sim_000035.csv,life_soh_csv/sim_000035.csv,553,1.6827321293598587,22.40083192049986,42.38780817483798,30.077695186986542,0.9308971029070079,1.3052252526985293,8.413660646799294e-09,5.600207980124965e-21,4.2387808174837984e-08,3.007769518698654e-05,55853826.174420476,5.220901010794117e-06
36,/home/peiheng/Pybamm4NMC/parameterset/set2.json,cycle_qv_csv/sim_000036.csv,life_soh_csv/sim_000036.csv,670,1.3558234737388373,18.373556916283746,31.951242440428995,11.007360498776345,1.1807504143717003,1.919054962831865,6.779117368694187e-09,4.593389229070936e-21,3.1951242440429e-08,1.1007360498776345e-05,70845024.86230202,7.67621985132746e-06
37,/home/peiheng/Pybamm4NMC/parameterset/set2.json,cycle_qv_csv/sim_000037.csv,life_soh_csv/sim_000037.csv,475,1.387377958889819,11.101949709416633,44.5008035570035,5.4011357145843055,1.016768567487605,2.3575997951842136,6.936889794449095e-09,2.7754874273541582e-21,4.45008035570035e-08,5.401135714584305e-06,61006114.0492563,9.430399180736854e-06
39,/home/peiheng/Pybamm4NMC/parameterset/set2.json,cycle_qv_csv/sim_000039.csv,life_soh_csv/sim_000039.csv,428,1.624872693880926,27.40986897513754,11.578285106544527,42.48212061788073,0.966009068430834,1.7146040877096902,8.12436346940463e-09,6.852467243784385e-21,1.1578285106544528e-08,4.248212061788073e-05,57960544.10585004,6.8584163508387605e-06
40,/home/peiheng/Pybamm4NMC/parameterset/set2.json,cycle_qv_csv/sim_000040.csv,life_soh_csv/sim_000040.csv,213,1.8545952527418899,24.651773320509903,24.631659293474762,46.68729348303727,0.8738147075406038,2.764883094238411,9.27297626370945e-09,6.162943330127475e-21,2.4631659293474763e-08,4.668729348303727e-05,52428882.45243622,1.1059532376953643e-05
41,/home/peiheng/Pybamm4NMC/parameterset/set2.json,cycle_qv_csv/sim_000041.csv,life_soh_csv/sim_000041.csv,262,1.1514134775446005,5.315239455359734,20.23467360846797,16.364690268139995,0.8090611119638317,2.7251084450952154,5.7570673877230026e-09,1.3288098638399333e-21,2.023467360846797e-08,1.6364690268139994e-05,48543666.7178299,1.0900433780380862e-05
42,/home/peiheng/Pybamm4NMC/parameterset/set2.json,cycle_qv_csv/sim_000042.csv,life_soh_csv/sim_000042.csv,510,1.5338390198539227,16.670407614652596,24.797618705793347,5.5640421475879815,0.8496785518786016,1.5358266348378988,7.669195099269613e-09,4.1676019036631486e-21,2.479761870579335e-08,5.564042147587982e-06,50980713.1127161,6.143306539351595e-06
43,/home/peiheng/Pybamm4NMC/parameterset/set2.json,cycle_qv_csv/sim_000043.csv,life_soh_csv/sim_000043.csv,440,1.7825188951496367,21.733898808647453,13.960190512476084,18.364896341443526,1.0025701556633753,1.9761793016996156,8.912594475748184e-09,5.433474702161863e-21,1.3960190512476084e-08,1.8364896341443525e-05,60154209.33980252,7.904717206798461e-06
44,/home/peiheng/Pybamm4NMC/parameterset/set2.json,cycle_qv_csv/sim_000044.csv,life_soh_csv/sim_000044.csv,410,1.7415285068777546,19.56094676448147,43.79530686950959,44.83761893270595,1.1606310892930523,2.460395423326864,8.707642534388773e-09,4.890236691120368e-21,4.379530686950959e-08,4.483761893270595e-05,69637865.35758314,9.841581693307456e-06
46,/home/peiheng/Pybamm4NMC/parameterset/set2.json,cycle_qv_csv/sim_000046.csv,life_soh_csv/sim_000046.csv,375,1.4022745907980632,27.287360476423746,18.10189340577073,14.20627314695605,0.8885476998474737,2.1504811137153683,7.011372953990316e-09,6.821840119105937e-21,1.810189340577073e-08,1.420627314695605e-05,53312861.99084842,8.601924454861472e-06
47,/home/peiheng/Pybamm4NMC/parameterset/set2.json,cycle_qv_csv/sim_000047.csv,life_soh_csv/sim_000047.csv,372,1.0530202836100304,8.853368399504458,27.727829297929915,33.837111729778975,1.0606112079698524,2.5248350606449232,5.2651014180501526e-09,2.2133420998761143e-21,2.7727829297929916e-08,3.3837111729778974e-05,63636672.478191145,1.0099340242579693e-05
48,/home/peiheng/Pybamm4NMC/parameterset/set2.json,cycle_qv_csv/sim_000048.csv,life_soh_csv/sim_000048.csv,532,1.2879937081844843,11.420343037057268,35.86128985206461,26.987699224594305,0.9635239053243582,1.262880531347477,6.4399685409224215e-09,2.8550857592643167e-21,3.586128985206461e-08,2.6987699224594303e-05,57811434.31946149,5.051522125389907e-06
49,/home/peiheng/Pybamm4NMC/parameterset/set2.json,cycle_qv_csv/sim_000049.csv,life_soh_csv/sim_000049.csv,341,1.2461199661001672,6.180960015220185,8.910677147627894,30.85147360084378,1.1040950587106955,2.9164026200014455,6.230599830500836e-09,1.5452400038050461e-21,8.910677147627894e-09,3.085147360084378e-05,66245703.522641726,1.1665610480005781e-05
50,/home/peiheng/Pybamm4NMC/parameterset/set2.json,cycle_qv_csv/sim_000050.csv,life_soh_csv/sim_000050.csv,462,1.7882809170095624,18.624619699432372,17.07613460120941,5.674121571836213,0.9862981008777737,2.28649521618732,8.941404585047812e-09,4.6561549248580926e-21,1.707613460120941e-08,5.674121571836212e-06,59177886.05266642,9.145980864749279e-06
51,/home/peiheng/Pybamm4NMC/parameterset/set2.json,cycle_qv_csv/sim_000051.csv,life_soh_csv/sim_000051.csv,507,1.5514741496672224,11.249417563196037,32.016315776464445,45.614760330963826,0.8828904751431615,1.03923475998128,7.757370748336112e-09,2.8123543907990088e-21,3.201631577646445e-08,4.5614760330963826e-05,52973428.50858969,4.156939039925119e-06
52,/home/peiheng/Pybamm4NMC/parameterset/set2.json,cycle_qv_csv/sim_000052.csv,life_soh_csv/sim_000052.csv,571,1.1746659346378705,26.916703322045688,40.078319942252605,32.60162509389602,1.0081106054732945,1.5840219610298099,5.8733296731893524e-09,6.729175830511421e-21,4.007831994225261e-08,3.260162509389602e-05,60486636.32839767,6.336087844119239e-06
53,/home/peiheng/Pybamm4NMC/parameterset/set2.json,cycle_qv_csv/sim_000053.csv,life_soh_csv/sim_000053.csv,367,1.3474846556459024,6.509986209880658,9.72302118100147,14.151615819482736,0.8127605760480526,1.8866584007939082,6.737423278229512e-09,1.6274965524701644e-21,9.723021181001472e-09,1.4151615819482734e-05,48765634.56288316,7.546633603175632e-06
54,/home/peiheng/Pybamm4NMC/parameterset/set2.json,cycle_qv_csv/sim_000054.csv,life_soh_csv/sim_000054.csv,453,1.042317735290211,20.93954642535295,46.053921374822565,21.357181063158215,1.129376327023507,2.6709667915704145,5.211588676451056e-09,5.234886606338237e-21,4.605392137482257e-08,2.1357181063158213e-05,67762579.62141043,1.0683867166281657e-05
55,/home/peiheng/Pybamm4NMC/parameterset/set2.json,cycle_qv_csv/sim_000055.csv,life_soh_csv/sim_000055.csv,325,1.9401935004719453,24.072350501755693,36.82118572984983,34.57945746446043,0.9265861668488076,2.0405703465463882,9.700967502359726e-09,6.018087625438923e-21,3.6821185729849835e-08,3.457945746446043e-05,55595170.01092845,8.162281386185553e-06
56,/home/peiheng/Pybamm4NMC/parameterset/set2.json,cycle_qv_csv/sim_000056.csv,life_soh_csv/sim_000056.csv,780,1.4705374518085266,15.864201200488658,23.94605895198339,25.381064040779478,1.1718248674662013,1.4258153408365084,7.352687259042633e-09,3.966050300122164e-21,2.394605895198339e-08,2.5381064040779478e-05,70309492.04797208,5.703261363346033e-06
57,/home/peiheng/Pybamm4NMC/parameterset/set2.json,cycle_qv_csv/sim_000057.csv,life_soh_csv/sim_000057.csv,298,1.6265717787356304,12.22731032765098,12.70928720180116,39.11817017515208,1.07796635000065,2.7546826621511933,8.132858893678152e-09,3.0568275819127444e-21,1.2709287201801161e-08,3.911817017515208e-05,64677981.000039,1.1018730648604773e-05
58,/home/peiheng/Pybamm4NMC/parameterset/set2.json,cycle_qv_csv/sim_000058.csv,life_soh_csv/sim_000058.csv,315,1.2607861061605372,20.673708104870997,28.183912508464264,42.2042006192277,1.0267098664327632,2.671527482010089,6.303930530802686e-09,5.168427026217749e-21,2.8183912508464264e-08,4.2204200619227697e-05,61602591.98596579,1.0686109928040355e-05
59,/home/peiheng/Pybamm4NMC/parameterset/set2.json,cycle_qv_csv/sim_000059.csv,life_soh_csv/sim_000059.csv,356,1.4384792487359057,19.881560789332607,38.97466953294196,30.77457290411001,0.9331989485638406,2.016181216936266,7.192396243679528e-09,4.970390197333151e-21,3.897466953294196e-08,3.077457290411001e-05,55991936.91383044,8.064724867745063e-06
60,/home/peiheng/Pybamm4NMC/parameterset/set2.json,cycle_qv_csv/sim_000060.csv,life_soh_csv/sim_000060.csv,482,1.8315586379590125,25.55781700829359,12.717902716170927,23.39061940056866,0.8287166084848783,1.194435531054454,9.157793189795063e-09,6.389454252073397e-21,1.2717902716170928e-08,2.339061940056866e-05,49722996.509092696,4.777742124217816e-06
61,/home/peiheng/Pybamm4NMC/parameterset/set2.json,cycle_qv_csv/sim_000061.csv,life_soh_csv/sim_000061.csv,365,1.672263236853712,10.718326255891249,24.018783977141055,18.26057090797505,0.968055248685126,2.4120043589441,8.361316184268561e-09,2.679581563972812e-21,2.4018783977141058e-08,1.826057090797505e-05,58083314.92110756,9.6480174357764e-06
62,/home/peiheng/Pybamm4NMC/parameterset/set2.json,cycle_qv_csv/sim_000062.csv,life_soh_csv/sim_000062.csv,604,1.9504598981129524,16.671826705359106,17.434807737832685,6.596154494135796,0.8654281214980619,1.257171265281043,9.752299490564762e-09,4.167956676339776e-21,1.7434807737832687e-08,6.596154494135795e-06,51925687.28988372,5.028685061124171e-06
63,/home/peiheng/Pybamm4NMC/parameterset/set2.json,cycle_qv_csv/sim_000063.csv,life_soh_csv/sim_000063.csv,450,1.1391477211341454,6.78387332045836,6.361785262319306,35.12721715412634,1.1231484824937574,1.9649899376780797,5.695738605670727e-09,1.69596833011459e-21,6.361785262319306e-09,3.512721715412634e-05,67388908.94962545,7.859959750712318e-06
64,/home/peiheng/Pybamm4NMC/parameterset/set2.json,cycle_qv_csv/sim_000064.csv,life_soh_csv/sim_000064.csv,708,1.5632939198492681,13.69700949208939,45.45242279545297,12.091461895122794,1.1910454352233169,1.7274178700472953,7.81646959924634e-09,3.424252373022347e-21,4.545242279545297e-08,1.2091461895122793e-05,71462726.11339901,6.9096714801891806e-06
65,/home/peiheng/Pybamm4NMC/parameterset/set2.json,cycle_qv_csv/sim_000065.csv,life_soh_csv/sim_000065.csv,347,1.1114267011365841,27.551290689621332,33.45397222396873,48.37028590908846,1.094537750760513,2.8230699779879753,5.557133505682921e-09,6.887822672405333e-21,3.345397222396873e-08,4.837028590908846e-05,65672265.045630775,1.1292279911951901e-05
66,/home/peiheng/Pybamm4NMC/parameterset/set2.json,cycle_qv_csv/sim_000066.csv,life_soh_csv/sim_000066.csv,566,1.0037647939123464,17.256221697501232,6.260811261983446,10.084410473471564,1.1889154341060346,2.6652074776295502,5.018823969561732e-09,4.314055424375308e-21,6.260811261983447e-09,1.0084410473471563e-05,71334926.04636207,1.0660829910518201e-05
67,/home/peiheng/Pybamm4NMC/parameterset/set2.json,cycle_qv_csv/sim_000067.csv,life_soh_csv/sim_000067.csv,254,1.6104124014206278,27.762616168212485,36.78442561686013,15.30143868237348,0.8392628705244979,2.993808177443821,8.052062007103139e-09,6.94065404205312e-21,3.6784425616860135e-08,1.530143868237348e-05,50355772.23146987,1.1975232709775284e-05
68,/home/peiheng/Pybamm4NMC/parameterset/set2.json,cycle_qv_csv/sim_000068.csv,life_soh_csv/sim_000068.csv,702,1.1299330994161874,11.40255595976611,48.56876854394891,40.4415861783345,1.0476784320307941,1.1626071348423694,5.649665497080937e-09,2.850638989941527e-21,4.856876854394892e-08,4.04415861783345e-05,62860705.92184765,4.650428539369477e-06
69,/home/peiheng/Pybamm4NMC/parameterset/set2.json,cycle_qv_csv/sim_000069.csv,life_soh_csv/sim_000069.csv,422,1.2904667229001228,10.538510325234311,19.967287359039794,26.76235779492768,0.9424341678871362,1.7484474557152558,6.4523336145006136e-09,2.6346275813085775e-21,1.9967287359039795e-08,2.676235779492768e-05,56546050.07322817,6.993789822861023e-06
70,/home/peiheng/Pybamm4NMC/parameterset/set2.json,cycle_qv_csv/sim_000070.csv,life_soh_csv/sim_000070.csv,501,1.7076711375377185,22.419565566902705,30.747876403067707,37.14734467389166,1.123413420832964,1.9936554546263565,8.538355687688592e-09,5.604891391725676e-21,3.074787640306771e-08,3.714734467389166e-05,67404805.24997784,7.974621818505425e-06
71,/home/peiheng/Pybamm4NMC/parameterset/set2.json,cycle_qv_csv/sim_000071.csv,life_soh_csv/sim_000071.csv,496,1.8242781955871772,6.209692435541488,23.20207403840028,16.290909495750967,0.878031253742307,1.2649528482347288,9.121390977935887e-09,1.5524231088853718e-21,2.320207403840028e-08,1.6290909495750967e-05,52681875.224538416,5.059811392938915e-06
72,/home/peiheng/Pybamm4NMC/parameterset/set2.json,cycle_qv_csv/sim_000072.csv,life_soh_csv/sim_000072.csv,367,1.38545350069999,20.1900286125706,41.5577563663161,48.73842106650766,1.0603461243704813,2.3162079851768285,6.92726750349995e-09,5.04750715314265e-21,4.15577563663161e-08,4.873842106650766e-05,63620767.46222887,9.264831940707313e-06
73,/home/peiheng/Pybamm4NMC/parameterset/set2.json,cycle_qv_csv/sim_000073.csv,life_soh_csv/sim_000073.csv,345,1.8783179301871282,26.689580558128643,13.814179546099492,31.074508648378828,0.967216094772454,2.1172947153015986,9.391589650935642e-09,6.67239513953216e-21,1.3814179546099493e-08,3.107450864837883e-05,58032965.68634724,8.469178861206394e-06
74,/home/peiheng/Pybamm4NMC/parameterset/set2.json,cycle_qv_csv/sim_000074.csv,life_soh_csv/sim_000074.csv,335,1.6619149211010826,27.080193431521003,23.76533495057909,29.100287551097612,0.9819947401635867,2.3552253702739714,8.309574605505413e-09,6.77004835788025e-21,2.376533495057909e-08,2.910028755109761e-05,58919684.4098152,9.420901481095885e-06
75,/home/peiheng/Pybamm4NMC/parameterset/set2.json,cycle_qv_csv/sim_000075.csv,life_soh_csv/sim_000075.csv,410,1.7974408587225414,7.760920205313759,15.129409305046112,14.922015923321364,1.069505987930397,2.6142788253801252,8.987204293612707e-09,1.9402300513284398e-21,1.5129409305046112e-08,1.4922015923321364e-05,64170359.27582382,1.04571153015205e-05
76,/home/peiheng/Pybamm4NMC/parameterset/set2.json,cycle_qv_csv/sim_000076.csv,life_soh_csv/sim_000076.csv,345,1.4596567676891141,21.281907989224724,29.233547083666398,49.21635051349049,0.8105098849036284,1.4226116942410285,7.29828383844557e-09,5.320476997306181e-21,2.92335470836664e-08,4.921635051349049e-05,48630593.0942177,5.690446776964114e-06
77,/home/peiheng/Pybamm4NMC/parameterset/set2.json,cycle_qv_csv/sim_000077.csv,life_soh_csv/sim_000077.csv,328,1.0667349766591019,20.057035237538596,47.73154856312565,43.0834136089558,0.913331548357523,2.102938387799916,5.333674883295509e-09,5.0142588093846486e-21,4.773154856312565e-08,4.30834136089558e-05,54799892.90145138,8.411753551199665e-06
78,/home/peiheng/Pybamm4NMC/parameterset/set2.json,cycle_qv_csv/sim_000078.csv,life_soh_csv/sim_000078.csv,875,1.8898190922821072,17.006061897797828,7.392360409063608,7.969576858728977,1.0261919815810256,1.0611385327297886,9.449095461410537e-09,4.251515474449457e-21,7.392360409063608e-09,7.969576858728976e-06,61571518.89486154,4.244554130919155e-06
79,/home/peiheng/Pybamm4NMC/parameterset/set2.json,cycle_qv_csv/sim_000079.csv,life_soh_csv/sim_000079.csv,348,1.3231650896948637,12.202277431440454,42.80724781839855,38.03519776433582,1.160357106142241,2.8685358957662714,6.615825448474318e-09,3.050569357860113e-21,4.280724781839855e-08,3.8035197764335816e-05,69621426.36853446,1.1474143583065085e-05
80,/home/peiheng/Pybamm4NMC/parameterset/set2.json,cycle_qv_csv/sim_000080.csv,life_soh_csv/sim_000080.csv,609,1.219030475062361,9.838143093979886,35.19136348001901,20.485988654246405,1.1409687151398744,1.7523573237024899,6.095152375311805e-09,2.4595357734949713e-21,3.519136348001901e-08,2.0485988654246406e-05,68458122.90839246,7.009429294809959e-06
81,/home/peiheng/Pybamm4NMC/parameterset/set2.json,cycle_qv_csv/sim_000081.csv,life_soh_csv/sim_000081.csv,395,1.6019455319718334,25.830421516062515,19.63430177784569,22.655977131735725,0.8860883101524156,1.6945954465260202,8.009727659859168e-09,6.457605379015628e-21,1.963430177784569e-08,2.2655977131735722e-05,53165298.60914494,6.778381786104081e-06
82,/home/peiheng/Pybamm4NMC/parameterset/set2.json,cycle_qv_csv/sim_000082.csv,life_soh_csv/sim_000082.csv,439,1.6220390016952524,14.3488027900497,17.089104260835825,26.650362989126013,0.969877720555864,1.6023170870163077,8.110195008476262e-09,3.587200697512424e-21,1.7089104260835827e-08,2.665036298912601e-05,58192663.23335184,6.409268348065231e-06
83,/home/peiheng/Pybamm4NMC/parameterset/set2.json,cycle_qv_csv/sim_000083.csv,life_soh_csv/sim_000083.csv,635,1.0968307970339086,22.357546900281463,42.01799540135676,13.422267856264456,1.1071488929776523,1.7710070941068718,5.484153985169543e-09,5.589386725070365e-21,4.2017995401356756e-08,1.3422267856264456e-05,66428933.57865914,7.084028376427487e-06
84,/home/peiheng/Pybamm4NMC/parameterset/set2.json,cycle_qv_csv/sim_000084.csv,life_soh_csv/sim_000084.csv,242,1.7391787441156359,9.909116566170113,31.468229758660435,34.318348966100515,0.9327076051315721,2.878723600488721,8.695893720578179e-09,2.477279141542528e-21,3.1468229758660436e-08,3.4318348966100515e-05,55962456.30789433,1.1514894401954883e-05
86,/home/peiheng/Pybamm4NMC/parameterset/set2.json,cycle_qv_csv/sim_000086.csv,life_soh_csv/sim_000086.csv,330,1.2778631145123385,14.792843597396564,48.300521612424795,19.07511417380778,0.8447697275200207,2.2220683150502403,6.389315572561693e-09,3.69821089934914e-21,4.83005216124248e-08,1.9075114173807777e-05,50686183.65120124,8.888273260200961e-06
87,/home/peiheng/Pybamm4NMC/parameterset/set2.json,cycle_qv_csv/sim_000087.csv,life_soh_csv/sim_000087.csv,360,1.4819214070213778,24.906545764044324,23.07726477342357,43.64830358597972,1.050128205038538,2.4115333831035444,7.409607035106889e-09,6.2266364410110804e-21,2.307726477342357e-08,4.364830358597972e-05,63007692.302312285,9.646133532414178e-06
88,/home/peiheng/Pybamm4NMC/parameterset/set2.json,cycle_qv_csv/sim_000088.csv,life_soh_csv/sim_000088.csv,554,1.1383319194654178,26.87622305020045,34.019040679867004,8.485511294858624,1.1987918281422567,2.6230070828582073,5.691659597327089e-09,6.719055762550112e-21,3.4019040679867006e-08,8.485511294858624e-06,71927509.6885354,1.0492028331432829e-05
89,/home/peiheng/Pybamm4NMC/parameterset/set2.json,cycle_qv_csv/sim_000089.csv,life_soh_csv/sim_000089.csv,369,1.8140070842091909,8.114005184029514,11.363830278535193,32.302714597727245,0.8686497311799712,1.1843712793879269,9.070035421045954e-09,2.0285012960073784e-21,1.1363830278535195e-08,3.230271459772724e-05,52118983.870798275,4.737485117551707e-06
90,/home/peiheng/Pybamm4NMC/parameterset/set2.json,cycle_qv_csv/sim_000090.csv,life_soh_csv/sim_000090.csv,476,1.048251210128509,28.108068350788376,5.266705799054174,31.890040359548216,0.9428041259407961,1.5676449414439209,5.241256050642546e-09,7.027017087697093e-21,5.266705799054174e-09,3.189004035954822e-05,56568247.55644777,6.270579765775683e-06
91,/home/peiheng/Pybamm4NMC/parameterset/set2.json,cycle_qv_csv/sim_000091.csv,life_soh_csv/sim_000091.csv,655,1.469564987633869,25.998428472452517,37.74068312288604,13.563906069399486,1.1795254244951883,2.0062081980058526,7.3478249381693455e-09,6.499607118113129e-21,3.774068312288604e-08,1.3563906069399485e-05,70771525.46971129,8.02483279202341e-06
92,/home/peiheng/Pybamm4NMC/parameterset/set2.json,cycle_qv_csv/sim_000092.csv,life_soh_csv/sim_000092.csv,275,1.54060197585604,6.297273066344166,41.127446713135505,37.146855845555336,1.005640764038884,2.4709110497391036,7.7030098792802e-09,1.5743182665860414e-21,4.1127446713135506e-08,3.7146855845555334e-05,60338445.84233304,9.883644198956415e-06
93,/home/peiheng/Pybamm4NMC/parameterset/set2.json,cycle_qv_csv/sim_000093.csv,life_soh_csv/sim_000093.csv,463,1.158055646944599,10.862459363693615,24.69655445183721,9.407762691093977,1.0723088606588027,2.7009349988320075,5.790278234722995e-09,2.7156148409234037e-21,2.4696554451837208e-08,9.407762691093976e-06,64338531.63952816,1.080373999532803e-05
94,/home/peiheng/Pybamm4NMC/parameterset/set2.json,cycle_qv_csv/sim_000094.csv,life_soh_csv/sim_000094.csv,809,1.9371413834097337,23.652784198926923,48.6119260369047,17.738403638221826,1.1240155189429104,1.3762161812804246,9.68570691704867e-09,5.9131960497317306e-21,4.8611926036904704e-08,1.7738403638221824e-05,67440931.13657463,5.504864725121698e-06
95,/home/peiheng/Pybamm4NMC/parameterset/set2.json,cycle_qv_csv/sim_000095.csv,life_soh_csv/sim_000095.csv,484,1.295438925813674,15.858578681893619,14.770248303608723,22.493911550074518,0.8343419134410919,1.2454422940808771,6.477194629068371e-09,3.964644670473404e-21,1.4770248303608723e-08,2.2493911550074517e-05,50060514.806465514,4.9817691763235084e-06
96,/home/peiheng/Pybamm4NMC/parameterset/set2.json,cycle_qv_csv/sim_000096.csv,life_soh_csv/sim_000096.csv,198,1.8513121851552703,19.346652482345682,33.07009639940367,46.93041325239093,0.852336192448865,2.860073873754868,9.256560925776351e-09,4.83666312058642e-21,3.307009639940367e-08,4.6930413252390925e-05,51140171.5469319,1.144029549501947e-05
97,/home/peiheng/Pybamm4NMC/parameterset/set2.json,cycle_qv_csv/sim_000097.csv,life_soh_csv/sim_000097.csv,331,1.7241166014532614,14.174450208737731,18.834289527722326,40.519351321933826,0.9679220398579946,1.8581289044665419,8.620583007266308e-09,3.543612552184433e-21,1.8834289527722326e-08,4.051935132193382e-05,58075322.39147968,7.432515617866167e-06
98,/home/peiheng/Pybamm4NMC/parameterset/set2.json,cycle_qv_csv/sim_000098.csv,life_soh_csv/sim_000098.csv,241,1.886127515778957,20.12356779452351,38.033644445895746,37.63432854611204,0.820431463734726,2.2316643031256067,9.430637578894785e-09,5.0308919486308766e-21,3.8033644445895746e-08,3.7634328546112034e-05,49225887.82408356,8.926657212502426e-06
99,/home/peiheng/Pybamm4NMC/parameterset/set2.json,cycle_qv_csv/sim_000099.csv,life_soh_csv/sim_000099.csv,514,1.15827141051115,11.094053789997371,49.85570479234705,10.81458670373849,0.882336287585271,1.6101532613395655,5.79135705255575e-09,2.7735134474993425e-21,4.985570479234705e-08,1.081458670373849e-05,52940177.25511626,6.4406130453582615e-06
100,/home/peiheng/Pybamm4NMC/parameterset/set2.json,cycle_qv_csv/sim_000100.csv,life_soh_csv/sim_000100.csv,478,1.0646351228782038,12.352487290496356,16.575284871323618,18.741261890726815,0.9838671104740273,1.9898788919848602,5.323175614391019e-09,3.0881218226240888e-21,1.6575284871323618e-08,1.8741261890726813e-05,59032026.62844164,7.95951556793944e-06
101,/home/peiheng/Pybamm4NMC/parameterset/set2.json,cycle_qv_csv/sim_000101.csv,life_soh_csv/sim_000101.csv,550,1.669392411087124,16.185879302436355,39.00104309978845,7.333228683342853,1.1682981223670235,2.5896531255695656,8.346962055435621e-09,4.046469825609089e-21,3.900104309978845e-08,7.333228683342852e-06,70097887.3420214,1.0358612502278261e-05
102,/home/peiheng/Pybamm4NMC/parameterset/set2.json,cycle_qv_csv/sim_000102.csv,life_soh_csv/sim_000102.csv,279,1.432125735626855,6.9124901475971035,24.906792496480314,23.658862251491392,0.9380579347793045,2.9543649123575584,7.160628678134276e-09,1.7281225368992757e-21,2.4906792496480314e-08,2.365886225149139e-05,56283476.08675827,1.1817459649430233e-05
103,/home/peiheng/Pybamm4NMC/parameterset/set2.json,cycle_qv_csv/sim_000103.csv,life_soh_csv/sim_000103.csv,406,1.7625924359324328,21.61621324046471,28.22394041851401,42.30884116399528,1.121206650913844,2.3489243510699334,8.812962179662164e-09,5.404053310116177e-21,2.8223940418514012e-08,4.230884116399528e-05,67272399.05483064,9.395697404279733e-06
104,/home/peiheng/Pybamm4NMC/parameterset/set2.json,cycle_qv_csv/sim_000104.csv,life_soh_csv/sim_000104.csv,678,1.2631726015737605,24.133024152465328,9.160981551269582,27.67683677166575,1.0313884461270388,1.3475826213289495,6.315863007868803e-09,6.033256038116331e-21,9.160981551269583e-09,2.767683677166575e-05,61883306.76762233,5.390330485315798e-06
105,/home/peiheng/Pybamm4NMC/parameterset/set2.json,cycle_qv_csv/sim_000105.csv,life_soh_csv/sim_000105.csv,781,1.5008460487979232,28.72756653569807,12.63944578106193,44.4407843444356,1.0685353669664384,1.0855952732182972,7.504230243989617e-09,7.181891633924517e-21,1.2639445781061931e-08,4.44407843444356e-05,64112122.017986305,4.342381092873188e-06
106,/home/peiheng/Pybamm4NMC/parameterset/set2.json,cycle_qv_csv/sim_000106.csv,life_soh_csv/sim_000106.csv,411,1.3585585237623365,28.65951924582907,38.728542581806856,36.39405497169519,1.107077196081686,2.5531329738470028,6.792792618811683e-09,7.164879811457266e-21,3.8728542581806856e-08,3.639405497169519e-05,66424631.76490117,1.021253189538801e-05
107,/home/peiheng/Pybamm4NMC/parameterset/set2.json,cycle_qv_csv/sim_000107.csv,life_soh_csv/sim_000107.csv,836,1.583187597164934,24.647240510809777,6.616967428423958,41.61072092387914,1.0948064804642001,1.0184562755247615,7.91593798582467e-09,6.161810127702444e-21,6.616967428423958e-09,4.161072092387914e-05,65688388.82785201,4.073825102099046e-06
108,/home/peiheng/Pybamm4NMC/parameterset/set2.json,cycle_qv_csv/sim_000108.csv,life_soh_csv/sim_000108.csv,294,1.0534274496223501,7.56746956744815,40.58422863869516,28.78785549558543,0.9444275004557614,2.893752593103505,5.267137248111751e-09,1.8918673918620374e-21,4.058422863869516e-08,2.8787855495585428e-05,56665650.02734569,1.157501037241402e-05
109,/home/peiheng/Pybamm4NMC/parameterset/set2.json,cycle_qv_csv/sim_000109.csv,life_soh_csv/sim_000109.csv,737,1.7562932712721895,15.664422793489543,45.58534892002009,9.773090582064327,1.0366455450780276,1.2592173259687143,8.781466356360948e-09,3.916105698372385e-21,4.558534892002009e-08,9.773090582064327e-06,62198732.70468166,5.036869303874857e-06
110,/home/peiheng/Pybamm4NMC/parameterset/set2.json,cycle_qv_csv/sim_000110.csv,life_soh_csv/sim_000110.csv,344,1.239901665889919,17.830929133929125,27.142478910365895,24.15636874225392,0.8493100501514805,2.024416830668894,6.199508329449595e-09,4.457732283482281e-21,2.7142478910365898e-08,2.415636874225392e-05,50958603.00908883,8.097667322675577e-06
111,/home/peiheng/Pybamm4NMC/parameterset/set2.json,cycle_qv_csv/sim_000111.csv,life_soh_csv/sim_000111.csv,657,1.6831616900318973,22.070819064850266,14.064656996682803,12.32780467116087,1.1666430038166693,1.8495802215195476,8.415808450159487e-09,5.517704766212566e-21,1.4064656996682804e-08,1.2327804671160869e-05,69998580.22900015,7.39832088607819e-06
112,/home/peiheng/Pybamm4NMC/parameterset/set2.json,cycle_qv_csv/sim_000112.csv,life_soh_csv/sim_000112.csv,414,1.4423102198594706,13.782791604784185,29.865246351289414,44.71786129187928,0.9850463825262382,1.634880905701306,7.211551099297353e-09,3.445697901196046e-21,2.9865246351289414e-08,4.471786129187928e-05,59102782.951574296,6.5395236228052236e-06
113,/home/peiheng/Pybamm4NMC/parameterset/set2.json,cycle_qv_csv/sim_000113.csv,life_soh_csv/sim_000113.csv,322,1.992804361553468,10.983430705831134,20.7531243467491,18.330327556781832,0.8863774842923957,2.262545932670521,9.964021807767341e-09,2.7458576764577835e-21,2.07531243467491e-08,1.833032755678183e-05,53182649.05754374,9.050183730682085e-06
114,/home/peiheng/Pybamm4NMC/parameterset/set2.json,cycle_qv_csv/sim_000114.csv,life_soh_csv/sim_000114.csv,696,1.5029317833102218,13.628681864329923,41.69383621794042,42.70578751238739,0.9964278953735987,1.0217930045639436,7.514658916551108e-09,3.40717046608248e-21,4.169383621794042e-08,4.2705787512387385e-05,59785673.72241592,4.087172018255775e-06
115,/home/peiheng/Pybamm4NMC/parameterset/set2.json,cycle_qv_csv/sim_000115.csv,life_soh_csv/sim_000115.csv,503,1.3037539590869045,18.39608432949782,20.33329876403252,16.840502088304454,0.9234705414362224,1.584437371657806,6.518769795434523e-09,4.599021082374455e-21,2.0333298764032523e-08,1.6840502088304453e-05,55408232.48617335,6.337749486631224e-06
116,/home/peiheng/Pybamm4NMC/parameterset/set2.json,cycle_qv_csv/sim_000116.csv,life_soh_csv/sim_000116.csv,296,1.8919978298788334,7.13676861946787,15.191910153838833,35.61606888365049,0.9591228959638696,1.7854219314378976,9.459989149394167e-09,1.784192154866967e-21,1.5191910153838834e-08,3.561606888365049e-05,57547373.75783218,7.14168772575159e-06
117,/home/peiheng/Pybamm4NMC/parameterset/set2.json,cycle_qv_csv/sim_000117.csv,life_soh_csv/sim_000117.csv,455,1.243730086067318,24.398094366397316,31.57667848722622,10.028092474680946,1.1351579903669002,2.96956936290818,6.21865043033659e-09,6.0995235915993284e-21,3.1576678487226224e-08,1.0028092474680946e-05,68109479.42201401,1.1878277451632719e-05
118,/home/peiheng/Pybamm4NMC/parameterset/set2.json,cycle_qv_csv/sim_000118.csv,life_soh_csv/sim_000118.csv,324,1.7033237941441606,28.48482748621533,5.433817722825972,11.328718331455946,0.8623878326066811,2.4755260447272662,8.516618970720803e-09,7.121206871553831e-21,5.433817722825972e-09,1.1328718331455945e-05,51743269.956400864,9.902104178909065e-06
119,/home/peiheng/Pybamm4NMC/parameterset/set2.json,cycle_qv_csv/sim_000119.csv,life_soh_csv/sim_000119.csv,405,1.4437161438573147,16.46652270886234,33.249276995267266,27.9793837411123,0.804306556038497,1.290403873505892,7.218580719286574e-09,4.116630677215584e-21,3.324927699526727e-08,2.79793837411123e-05,48258393.36230982,5.161615494023568e-06
120,/home/peiheng/Pybamm4NMC/parameterset/set2.json,cycle_qv_csv/sim_000120.csv,life_soh_csv/sim_000120.csv,571,1.0313380750507495,21.52887354231021,47.035971830517845,24.224684673532597,1.1759869680312467,2.1235159590084187,5.156690375253747e-09,5.382218385577553e-21,4.703597183051785e-08,2.4224684673532595e-05,70559218.0818748,8.494063836033675e-06
121,/home/peiheng/Pybamm4NMC/parameterset/set2.json,cycle_qv_csv/sim_000121.csv,life_soh_csv/sim_000121.csv,228,1.8548692438678824,10.489909013079,26.18278738049922,48.082261902071565,1.026665967785794,2.639174074315958,9.274346219339412e-09,2.6224772532697496e-21,2.6182787380499222e-08,4.808226190207156e-05,61599958.06714765,1.0556696297263832e-05
122,/home/peiheng/Pybamm4NMC/parameterset/set2.json,cycle_qv_csv/sim_000122.csv,life_soh_csv/sim_000122.csv,550,1.7452557584268051,12.426372798898441,28.75831188897577,7.343213398270764,1.1096765386223986,2.3528293023302886,8.726278792134026e-09,3.1065931997246102e-21,2.875831188897577e-08,7.343213398270764e-06,66580592.31734391,9.411317209321154e-06
123,/home/peiheng/Pybamm4NMC/parameterset/set2.json,cycle_qv_csv/sim_000123.csv,life_soh_csv/sim_000123.csv,598,1.2873474189347265,22.86921413802331,26.644878493963304,24.32099710566816,0.9633602647702488,1.3629592796060281,6.436737094673632e-09,5.717303534505827e-21,2.6644878493963306e-08,2.4320997105668158e-05,57801615.88621493,5.451837118424112e-06
124,/home/peiheng/Pybamm4NMC/parameterset/set2.json,cycle_qv_csv/sim_000124.csv,life_soh_csv/sim_000124.csv,268,1.8528001098981788,24.353760690379755,37.75983472419529,36.41523551327698,1.006946612940433,2.9490580784874227,9.264000549490894e-09,6.088440172594938e-21,3.775983472419529e-08,3.641523551327698e-05,60416796.77642598,1.179623231394969e-05
125,/home/peiheng/Pybamm4NMC/parameterset/set2.json,cycle_qv_csv/sim_000125.csv,life_soh_csv/sim_000125.csv,322,1.2120781266728176,8.2616196513187,19.07977116183504,42.89483432055009,1.0997258927467637,2.6231996484618163,6.060390633364088e-09,2.0654049128296748e-21,1.907977116183504e-08,4.2894834320550086e-05,65983553.56480582,1.0492798593847264e-05
126,/home/peiheng/Pybamm4NMC/parameterset/set2.json,cycle_qv_csv/sim_000126.csv,life_soh_csv/sim_000126.csv,386,1.8915237135513965,7.326014816816601,7.216375361180042,32.85754297909784,0.899844019778151,1.1112898523556192,9.457618567756983e-09,1.8315037042041502e-21,7.216375361180042e-09,3.285754297909784e-05,53990641.18668906,4.445159409422476e-06
127,/home/peiheng/Pybamm4NMC/parameterset/set2.json,cycle_qv_csv/sim_000127.csv,life_soh_csv/sim_000127.csv,596,1.4843500699977963,27.65005019212854,39.60418245322262,46.11728677049524,1.1285418345357912,1.7024436392858744,7.421750349988981e-09,6.912512548032134e-21,3.960418245322262e-08,4.611728677049524e-05,67712510.07214747,6.809774557143497e-06
128,/home/peiheng/Pybamm4NMC/parameterset/set2.json,cycle_qv_csv/sim_000128.csv,life_soh_csv/sim_000128.csv,479,1.0349301449213688,14.47962418984208,46.865645362902434,13.061998380190877,0.9399972312417657,1.9495933488523174,5.174650724606844e-09,3.6199060474605196e-21,4.686564536290244e-08,1.3061998380190876e-05,56399833.874505945,7.798373395409268e-06
129,/home/peiheng/Pybamm4NMC/parameterset/set2.json,cycle_qv_csv/sim_000129.csv,life_soh_csv/sim_000129.csv,321,1.6225300772219682,18.410054547402044,11.843831925376746,18.469771203052947,0.8455799713359136,2.2268876281384364,8.112650386109842e-09,4.60251363685051e-21,1.1843831925376746e-08,1.8469771203052945e-05,50734798.28015482,8.907550512553745e-06
130,/home/peiheng/Pybamm4NMC/parameterset/set2.json,cycle_qv_csv/sim_000130.csv,life_soh_csv/sim_000130.csv,288,1.9312067456887023,13.390893632779997,30.50210732663361,21.205343156883547,0.9016334810443268,2.6206975695629664,9.656033728443512e-09,3.347723408194999e-21,3.0502107326633615e-08,2.1205343156883545e-05,54098008.86265961,1.0482790278251865e-05
131,/home/peiheng/Pybamm4NMC/parameterset/set2.json,cycle_qv_csv/sim_000131.csv,life_soh_csv/sim_000131.csv,556,1.208823342830021,25.290812611961144,12.43921009716868,8.153739584734085,1.0731683015923745,2.1229702416509637,6.044116714150105e-09,6.322703152990285e-21,1.243921009716868e-08,8.153739584734085e-06,64390098.09554247,8.491880966603855e-06
132,/home/peiheng/Pybamm4NMC/parameterset/set2.json,cycle_qv_csv/sim_000132.csv,life_soh_csv/sim_000132.csv,328,1.417385555880037,7.244990838834798,45.68330292027442,47.53858869839842,1.1573373352414509,2.4098833343102113,7.086927779400185e-09,1.8112477097086993e-21,4.568330292027443e-08,4.753858869839842e-05,69440240.11448705,9.639533337240845e-06
133,/home/peiheng/Pybamm4NMC/parameterset/set2.json,cycle_qv_csv/sim_000133.csv,life_soh_csv/sim_000133.csv,252,1.3501062778864603,22.894802272435903,10.154709579398322,23.834330847605287,0.8379970804812422,2.900109562579237,6.750531389432302e-09,5.7237005681089756e-21,1.0154709579398323e-08,2.3834330847605286e-05,50279824.828874536,1.1600438250316947e-05
134,/home/peiheng/Pybamm4NMC/parameterset/set2.json,cycle_qv_csv/sim_000134.csv,life_soh_csv/sim_000134.csv,643,1.8382117311828217,29.19021364846555,22.31891855142972,10.751799997262008,1.0120268047109877,1.5206910441792856,9.191058655914109e-09,7.297553412116388e-21,2.231891855142972e-08,1.0751799997262008e-05,60721608.28265926,6.082764176717142e-06
135,/home/peiheng/Pybamm4NMC/parameterset/set2.json,cycle_qv_csv/sim_000135.csv,life_soh_csv/sim_000135.csv,369,1.5969076033420633,11.222025651013043,36.878815830790515,43.33337336007223,0.992171687155615,1.7533377390185625,7.984538016710317e-09,2.8055064127532606e-21,3.6878815830790514e-08,4.333337336007223e-05,59530301.2293369,7.013350956074249e-06
136,/home/peiheng/Pybamm4NMC/parameterset/set2.json,cycle_qv_csv/sim_000136.csv,life_soh_csv/sim_000136.csv,655,1.7271177353069165,16.37342192362666,44.179539163440005,34.81099789936983,1.1256101851132267,1.4684641152243278,8.635588676534583e-09,4.0933554809066644e-21,4.417953916344001e-08,3.481099789936983e-05,67536611.10679361,5.873856460897311e-06
137,/home/peiheng/Pybamm4NMC/parameterset/set2.json,cycle_qv_csv/sim_000137.csv,life_soh_csv/sim_000137.csv,663,1.0913946433124353,20.453569247460024,16.381019834444615,31.402408821838865,0.8968542731541784,1.0321494469096715,5.456973216562177e-09,5.113392311865006e-21,1.6381019834444617e-08,3.1402408821838865e-05,53811256.3892507,4.128597787638686e-06
138,/home/peiheng/Pybamm4NMC/parameterset/set2.json,cycle_qv_csv/sim_000138.csv,life_soh_csv/sim_000138.csv,406,1.2256287162712396,21.01721618163907,31.572265896420664,32.49563937041359,0.8363177109431152,1.3870675814878815,6.128143581356198e-09,5.2543040454097676e-21,3.157226589642067e-08,3.249563937041359e-05,50179062.656586915,5.548270325951525e-06
139,/home/peiheng/Pybamm4NMC/parameterset/set2.json,cycle_qv_csv/sim_000139.csv,life_soh_csv/sim_000139.csv,326,1.9293810134878118,27.031632616836646,36.73933513018491,45.38053520615182,1.0608573594125783,2.671230140846321,9.646905067439059e-09,6.757908154209161e-21,3.6739335130184914e-08,4.538053520615182e-05,63651441.564754695,1.0684920563385282e-05
140,/home/peiheng/Pybamm4NMC/parameterset/set2.json,cycle_qv_csv/sim_000140.csv,life_soh_csv/sim_000140.csv,355,1.4178239842356306,18.515615219003358,26.387501917208986,33.499801205018514,0.9968164143041391,2.234548308698108,7.089119921178153e-09,4.628903804750839e-21,2.638750191720899e-08,3.3499801205018514e-05,59808984.858248346,8.938193234792432e-06
141,/home/peiheng/Pybamm4NMC/parameterset/set2.json,cycle_qv_csv/sim_000141.csv,life_soh_csv/sim_000141.csv,538,1.305801604996173,10.271049981198235,7.515302534639791,20.206888105654976,1.0056666741304707,1.6363749503063059,6.529008024980865e-09,2.5677624952995584e-21,7.515302534639791e-09,2.0206888105654975e-05,60340000.44782824,6.545499801225223e-06
142,/home/peiheng/Pybamm4NMC/parameterset/set2.json,cycle_qv_csv/sim_000142.csv,life_soh_csv/sim_000142.csv,737,1.8608952460225257,7.271597593223198,49.096739626115465,5.062729287395363,0.911760106126171,1.1903111978355398,9.304476230112628e-09,1.8178993983057996e-21,4.909673962611547e-08,5.062729287395363e-06,54705606.36757026,4.76124479134216e-06
143,/home/peiheng/Pybamm4NMC/parameterset/set2.json,cycle_qv_csv/sim_000143.csv,life_soh_csv/sim_000143.csv,287,1.5991858138521908,15.282039261278078,17.467243582117256,24.696941088942307,0.8538692380898085,2.3917334117347413,7.995929069260954e-09,3.820509815319519e-21,1.7467243582117257e-08,2.4696941088942304e-05,51232154.285388514,9.566933646938964e-06
144,/home/peiheng/Pybamm4NMC/parameterset/set2.json,cycle_qv_csv/sim_000144.csv,life_soh_csv/sim_000144.csv,629,1.0504161888359635,26.680619538991806,13.212112781306836,43.08729434779623,1.1939099885551552,1.9094806738019736,5.252080944179818e-09,6.670154884747951e-21,1.3212112781306837e-08,4.308729434779623e-05,71634599.31330931,7.637922695207894e-06
145,/home/peiheng/Pybamm4NMC/parameterset/set2.json,cycle_qv_csv/sim_000145.csv,life_soh_csv/sim_000145.csv,414,1.6754581207420753,11.731904942479671,42.501138267113504,13.349527043879137,1.1166080964649767,2.997307920417215,8.377290603710378e-09,2.9329762356199174e-21,4.250113826711351e-08,1.3349527043879136e-05,66996485.7878986,1.198923168166886e-05
146,/home/peiheng/Pybamm4NMC/parameterset/set2.json,cycle_qv_csv/sim_000146.csv,life_soh_csv/sim_000146.csv,426,1.092945978257682,9.826577868773128,33.87439998991559,30.457840465491714,0.9060087806161348,1.5966527691292536,5.4647298912884105e-09,2.456644467193282e-21,3.387439998991559e-08,3.045784046549171e-05,54360526.83696809,6.3866110765170144e-06
147,/home/peiheng/Pybamm4NMC/parameterset/set2.json,cycle_qv_csv/sim_000147.csv,life_soh_csv/sim_000147.csv,522,1.7742978923028034,13.156362019809334,46.91117730758857,44.26895928104224,0.9660675566917452,1.2447161776643862,8.871489461514017e-09,3.2890905049523334e-21,4.691117730758857e-08,4.426895928104224e-05,57964053.40150471,4.978864710657545e-06
148,/home/peiheng/Pybamm4NMC/parameterset/set2.json,cycle_qv_csv/sim_000148.csv,life_soh_csv/sim_000148.csv,410,1.2815915715261812,20.64645979733926,27.7423268774486,23.96242160789145,0.8107586518651535,1.4421469612100313,6.407957857630906e-09,5.161614949334815e-21,2.7742326877448603e-08,2.396242160789145e-05,48645519.11190921,5.768587844840125e-06
149,/home/peiheng/Pybamm4NMC/parameterset/set2.json,cycle_qv_csv/sim_000149.csv,life_soh_csv/sim_000149.csv,492,1.942260579864853,24.562068535626814,9.889195008488882,37.11974590696494,1.1913711118292674,2.185371907529955,9.711302899324265e-09,6.140517133906703e-21,9.889195008488883e-09,3.711974590696493e-05,71482266.70975605,8.74148763011982e-06
150,/home/peiheng/Pybamm4NMC/parameterset/set2.json,cycle_qv_csv/sim_000150.csv,life_soh_csv/sim_000150.csv,531,1.6110326088263855,16.85780884379485,40.88060938969767,44.61497086877952,1.122709671592864,1.768664778007809,8.055163044131928e-09,4.214452210948712e-21,4.088060938969767e-08,4.461497086877952e-05,67362580.29557183,7.074659112031236e-06
151,/home/peiheng/Pybamm4NMC/parameterset/set2.json,cycle_qv_csv/sim_000151.csv,life_soh_csv/sim_000151.csv,338,1.4542892165165544,18.40099721749752,19.962516825966937,7.746592484631411,0.8925538982350543,2.5581240457815673,7.271446082582772e-09,4.6002493043743796e-21,1.9962516825966936e-08,7.746592484631411e-06,53553233.89410326,1.0232496183126268e-05
152,/home/peiheng/Pybamm4NMC/parameterset/set2.json,cycle_qv_csv/sim_000152.csv,life_soh_csv/sim_000152.csv,418,1.7172261048434403,28.530707432792425,10.77727145307472,19.233639937953058,1.054513342437157,2.2888129928770895,8.586130524217202e-09,7.132676858198105e-21,1.077727145307472e-08,1.9233639937953056e-05,63270800.54622943,9.155251971508357e-06
153,/home/peiheng/Pybamm4NMC/parameterset/set2.json,cycle_qv_csv/sim_000153.csv,life_soh_csv/sim_000153.csv,399,1.1872203987161138,7.705058164002764,26.458679833304913,13.874463579812854,1.0281743178269067,2.8078608331952046,5.936101993580569e-09,1.926264541000691e-21,2.6458679833304915e-08,1.3874463579812854e-05,61690459.0696144,1.1231443332780818e-05
154,/home/peiheng/Pybamm4NMC/parameterset/set2.json,cycle_qv_csv/sim_000154.csv,life_soh_csv/sim_000154.csv,535,1.4341339642250528,5.695639555540005,34.58838698073638,23.782920423583924,1.1717434793758448,1.6949129891880266,7.170669821125264e-09,1.423909888885001e-21,3.4588386980736386e-08,2.378292042358392e-05,70304608.76255068,6.779651956752106e-06
155,/home/peiheng/Pybamm4NMC/parameterset/set2.json,cycle_qv_csv/sim_000155.csv,life_soh_csv/sim_000155.csv,513,1.8451929433565357,14.34588570482562,47.47855632227587,14.757390244994637,0.8879592365281267,1.3403674643638768,9.225964716782679e-09,3.5864714262064046e-21,4.7478556322275875e-08,1.4757390244994637e-05,53277554.1916876,5.361469857455507e-06
156,/home/peiheng/Pybamm4NMC/parameterset/set2.json,cycle_qv_csv/sim_000156.csv,life_soh_csv/sim_000156.csv,227,1.9803927457015273,16.760921937464772,17.6760230668919,36.51671070768394,0.9116101506275954,2.9548752999563748,9.901963728507637e-09,4.190230484366193e-21,1.7676023066891902e-08,3.651671070768394e-05,54696609.037655726,1.1819501199825498e-05
157,/home/peiheng/Pybamm4NMC/parameterset/set2.json,cycle_qv_csv/sim_000157.csv,life_soh_csv/sim_000157.csv,323,1.0771777472054125,28.0570198351196,24.22613661879282,8.959891254419455,0.8003792839242846,2.1525529616646457,5.385888736027063e-09,7.0142549587799e-21,2.4226136618792824e-08,8.959891254419455e-06,48022757.035457075,8.610211846658582e-06
158,/home/peiheng/Pybamm4NMC/parameterset/set2.json,cycle_qv_csv/sim_000158.csv,life_soh_csv/sim_000158.csv,437,1.5451697056421567,26.353177208853282,15.27453954221257,33.04771324823264,1.138120966588732,2.4500902409636414,7.725848528210784e-09,6.58829430221332e-21,1.5274539542212572e-08,3.3047713248232635e-05,68287257.99532391,9.800360963854565e-06
159,/home/peiheng/Pybamm4NMC/parameterset/set2.json,cycle_qv_csv/sim_000159.csv,life_soh_csv/sim_000159.csv,383,1.2756140057853829,10.694810975086808,8.53969522389491,39.16437944557173,1.0308453772763018,1.9605258851978957,6.378070028926915e-09,2.6737027437717017e-21,8.53969522389491e-09,3.916437944557173e-05,61850722.636578105,7.842103540791582e-06
161,/home/peiheng/Pybamm4NMC/parameterset/set2.json,cycle_qv_csv/sim_000161.csv,life_soh_csv/sim_000161.csv,432,1.1649170552673598,22.68141790723173,43.61565767211372,19.091811743335043,1.0997166281782613,2.6887085943850515,5.824585276336799e-09,5.6703544768079315e-21,4.361565767211372e-08,1.9091811743335043e-05,65982997.69069568,1.0754834377540205e-05
162,/home/peiheng/Pybamm4NMC/parameterset/set2.json,cycle_qv_csv/sim_000162.csv,life_soh_csv/sim_000162.csv,494,1.0088689076840418,13.686884034942802,30.042495343196897,19.35904471871919,1.0886973515824065,2.331471179880584,5.0443445384202095e-09,3.4217210087357e-21,3.00424953431969e-08,1.9359044718719188e-05,65321841.094944395,9.325884719522335e-06
163,/home/peiheng/Pybamm4NMC/parameterset/set2.json,cycle_qv_csv/sim_000163.csv,life_soh_csv/sim_000163.csv,349,1.2688035171180367,5.9603728631538075,37.389212091440655,28.265752624658013,1.1131321659619733,2.902131855143356,6.344017585590184e-09,1.4900932157884518e-21,3.7389212091440654e-08,2.826575262465801e-05,66787929.957718395,1.1608527420573423e-05
164,/home/peiheng/Pybamm4NMC/parameterset/set2.json,cycle_qv_csv/sim_000164.csv,life_soh_csv/sim_000164.csv,547,1.7985066160785386,27.741427678846524,17.772404323668297,36.60071822646348,1.1943365934868595,2.0845776524268285,8.992533080392693e-09,6.93535691971163e-21,1.7772404323668298e-08,3.6600718226463473e-05,71660195.60921156,8.338310609707314e-06
165,/home/peiheng/Pybamm4NMC/parameterset/set2.json,cycle_qv_csv/sim_000165.csv,life_soh_csv/sim_000165.csv,290,1.1813793251632376,25.066844998075585,45.34083006843775,39.502916471596855,0.9196908420113233,2.564023034606432,5.906896625816188e-09,6.266711249518895e-21,4.534083006843775e-08,3.950291647159685e-05,55181450.5206794,1.0256092138425727e-05
166,/home/peiheng/Pybamm4NMC/parameterset/set2.json,cycle_qv_csv/sim_000166.csv,life_soh_csv/sim_000166.csv,498,1.6644948575826333,15.923032520585576,7.330468482175178,24.436548962344084,0.9747645341477742,1.4080740346416272,8.322474287913166e-09,3.9807581301463936e-21,7.330468482175178e-09,2.4436548962344083e-05,58485872.04886645,5.632296138566509e-06
167,/home/peiheng/Pybamm4NMC/parameterset/set2.json,cycle_qv_csv/sim_000167.csv,life_soh_csv/sim_000167.csv,549,1.5366653889529673,23.4953513233494,41.79640111279636,13.184397497983541,1.0079948337725215,1.6477452122066372,7.683326944764838e-09,5.87383783083735e-21,4.1796401112796365e-08,1.318439749798354e-05,60479690.02635129,6.590980848826548e-06
168,/home/peiheng/Pybamm4NMC/parameterset/set2.json,cycle_qv_csv/sim_000168.csv,life_soh_csv/sim_000168.csv,600,1.4432177419839622,19.05764217744236,22.537207835761894,6.6942952344544215,0.8252853613535014,1.1822562864401625,7.216088709919811e-09,4.76441054436059e-21,2.2537207835761895e-08,6.694295234454421e-06,49517121.681210086,4.72902514576065e-06
169,/home/peiheng/Pybamm4NMC/parameterset/set2.json,cycle_qv_csv/sim_000169.csv,life_soh_csv/sim_000169.csv,235,1.877456869874551,10.06954591019664,14.257481804723547,47.986553137517184,0.8918238893472952,1.8738914447100636,9.387284349372756e-09,2.5173864775491596e-21,1.4257481804723548e-08,4.7986553137517185e-05,53509433.36083771,7.495565778840254e-06
171,/home/peiheng/Pybamm4NMC/parameterset/set2.json,cycle_qv_csv/sim_000171.csv,life_soh_csv/sim_000171.csv,434,1.8673309555197364,28.731935719708787,7.388621606413098,19.469917335887704,0.9980413416864542,1.9102187205771455,9.336654777598682e-09,7.182983929927196e-21,7.388621606413098e-09,1.9469917335887705e-05,59882480.50118725,7.640874882308582e-06
172,/home/peiheng/Pybamm4NMC/parameterset/set2.json,cycle_qv_csv/sim_000172.csv,life_soh_csv/sim_000172.csv,431,1.424058643153649,19.968810960868495,12.663624829736913,7.992623982604249,1.0666031563381426,2.871018581193053,7.120293215768246e-09,4.9922027402171234e-21,1.2663624829736913e-08,7.992623982604248e-06,63996189.380288556,1.1484074324772211e-05
173,/home/peiheng/Pybamm4NMC/parameterset/set2.json,cycle_qv_csv/sim_000173.csv,life_soh_csv/sim_000173.csv,279,1.122844455853707,11.27843808704198,23.76654443466257,38.60038815607608,0.8835299353553683,2.449056839331204,5.614222279268535e-09,2.8196095217604947e-21,2.376654443466257e-08,3.860038815607608e-05,53011796.121322095,9.796227357324816e-06
174,/home/peiheng/Pybamm4NMC/parameterset/set2.json,cycle_qv_csv/sim_000174.csv,life_soh_csv/sim_000174.csv,514,1.1843348648810066,22.119456159403814,31.090118779475347,29.179434466456126,1.0069669010343925,1.6791273484379414,5.921674324405033e-09,5.529864039850953e-21,3.109011877947535e-08,2.9179434466456125e-05,60418014.062063545,6.716509393751765e-06
175,/home/peiheng/Pybamm4NMC/parameterset/set2.json,cycle_qv_csv/sim_000175.csv,life_soh_csv/sim_000175.csv,329,1.3628000666153146,23.757384751964715,17.15336138094159,14.623686309054193,0.9199314800019287,2.7305431433672016,6.814000333076573e-09,5.939346187991178e-21,1.715336138094159e-08,1.4623686309054193e-05,55195888.80011572,1.0922172573468805e-05
176,/home/peiheng/Pybamm4NMC/parameterset/set2.json,cycle_qv_csv/sim_000176.csv,life_soh_csv/sim_000176.csv,505,1.6301449395458998,16.57715957679025,48.46204175171631,26.289804243303834,1.1383696372957057,2.025114717417896,8.1507246977295e-09,4.1442898941975625e-21,4.8462041751716314e-08,2.6289804243303832e-05,68302178.23774235,8.100458869671583e-06
177,/home/peiheng/Pybamm4NMC/parameterset/set2.json,cycle_qv_csv/sim_000177.csv,life_soh_csv/sim_000177.csv,280,1.9672725398611963,6.781557463798224,35.885007204039916,45.630724585675694,0.8016636197212832,1.2741820844005334,9.836362699305982e-09,1.695389365949556e-21,3.588500720403992e-08,4.563072458567569e-05,48099817.18327699,5.096728337602133e-06
178,/home/peiheng/Pybamm4NMC/parameterset/set2.json,cycle_qv_csv/sim_000178.csv,life_soh_csv/sim_000178.csv,384,1.94880983726213,23.59405579036794,15.87250960315573,45.09592563912425,0.9642760098516447,1.7821248410107564,9.74404918631065e-09,5.898513947591984e-21,1.5872509603155732e-08,4.509592563912425e-05,57856560.59109868,7.128499364043025e-06
179,/home/peiheng/Pybamm4NMC/parameterset/set2.json,cycle_qv_csv/sim_000179.csv,life_soh_csv/sim_000179.csv,422,1.8161395203775383,7.0673291301055094,37.66269454238068,27.448922012130485,0.9494007521478037,1.2936966896955007,9.080697601887692e-09,1.766832282526377e-21,3.766269454238068e-08,2.7448922012130482e-05,56964045.12886822,5.1747867587820024e-06
180,/home/peiheng/Pybamm4NMC/parameterset/set2.json,cycle_qv_csv/sim_000180.csv,life_soh_csv/sim_000180.csv,609,1.2456783446887025,29.609181577378543,22.060226371581148,32.58917564097088,0.8443462706844928,1.033495696475708,6.228391723443512e-09,7.402295394344634e-21,2.206022637158115e-08,3.258917564097088e-05,50660776.24106956,4.133982785902832e-06
181,/home/peiheng/Pybamm4NMC/parameterset/set2.json,cycle_qv_csv/sim_000181.csv,life_soh_csv/sim_000181.csv,577,1.6429076915161378,9.268249211221477,47.06477762852578,10.491503567798448,1.147771004730599,2.2206413680967607,8.214538457580689e-09,2.317062302805369e-21,4.706477762852579e-08,1.0491503567798447e-05,68866260.28383593,8.882565472387042e-06
182,/home/peiheng/Pybamm4NMC/parameterset/set2.json,cycle_qv_csv/sim_000182.csv,life_soh_csv/sim_000182.csv,470,1.019948926185626,12.638294428261629,17.622360845972445,35.24526706019588,1.1886531663326747,2.3493534566991343,5.099744630928131e-09,3.1595736070654068e-21,1.7622360845972445e-08,3.5245267060195876e-05,71319189.97996049,9.397413826796537e-06
183,/home/peiheng/Pybamm4NMC/parameterset/set2.json,cycle_qv_csv/sim_000183.csv,life_soh_csv/sim_000183.csv,620,1.490009692401497,16.638807864041546,6.482984948827856,14.46822149558226,1.0805680471514472,1.6714248219055712,7.450048462007485e-09,4.159701966010386e-21,6.482984948827857e-09,1.446822149558226e-05,64834082.82908683,6.6856992876222845e-06
184,/home/peiheng/Pybamm4NMC/parameterset/set2.json,cycle_qv_csv/sim_000184.csv,life_soh_csv/sim_000184.csv,351,1.5368541982576631,17.511845827812834,39.79982998989614,21.70601912220959,1.0327986725260565,2.8294511025838447,7.684270991288316e-09,4.377961456953208e-21,3.979982998989614e-08,2.170601912220959e-05,61967920.35156339,1.1317804410335378e-05
185,/home/peiheng/Pybamm4NMC/parameterset/set2.json,cycle_qv_csv/sim_000185.csv,life_soh_csv/sim_000185.csv,256,1.3153019461441353,26.534974199156775,27.897851840213974,43.7177572648066,0.8694462146721257,2.5137630425967705,6.5765097307206765e-09,6.633743549789193e-21,2.7897851840213976e-08,4.37177572648066e-05,52166772.88032754,1.0055052170387081e-05
186,/home/peiheng/Pybamm4NMC/parameterset/set2.json,cycle_qv_csv/sim_000186.csv,life_soh_csv/sim_000186.csv,472,1.609765995224664,26.79778806096684,25.564876194030543,35.29237317380782,0.9876865513376538,1.7209542349096911,8.04882997612332e-09,6.699447015241709e-21,2.5564876194030543e-08,3.5292373173807814e-05,59261193.080259226,6.883816939638764e-06
187,/home/peiheng/Pybamm4NMC/parameterset/set2.json,cycle_qv_csv/sim_000187.csv,life_soh_csv/sim_000187.csv,728,1.2425925772781095,5.199384841249306,9.607647664660611,20.997297146337644,1.0835877264911296,1.0937359010215117,6.212962886390548e-09,1.2998462103123263e-21,9.607647664660612e-09,2.0997297146337642e-05,65015263.58946777,4.374943604086047e-06
188,/home/peiheng/Pybamm4NMC/parameterset/set2.json,cycle_qv_csv/sim_000188.csv,life_soh_csv/sim_000188.csv,316,1.6299928618209258,14.436080820540736,40.22028691962767,12.657610286039095,0.8289239988301629,2.3397425634238287,8.14996430910463e-09,3.6090202051351836e-21,4.022028691962767e-08,1.2657610286039094e-05,49735439.92980977,9.358970253695315e-06
189,/home/peiheng/Pybamm4NMC/parameterset/set2.json,cycle_qv_csv/sim_000189.csv,life_soh_csv/sim_000189.csv,367,1.4805752050768617,10.818466188935966,13.765570494913627,43.19759207012114,0.8930362697817338,1.34485072026799,7.402876025384309e-09,2.7046165472339913e-21,1.3765570494913628e-08,4.319759207012114e-05,53582176.18690403,5.37940288107196e-06
190,/home/peiheng/Pybamm4NMC/parameterset/set2.json,cycle_qv_csv/sim_000190.csv,life_soh_csv/sim_000190.csv,316,1.338362157589907,19.134105392887655,47.22013129433299,26.480500758726727,0.9499766790330119,2.6948969970409973,6.691810787949535e-09,4.783526348221913e-21,4.722013129433299e-08,2.6480500758726725e-05,56998600.74198071,1.0779587988163988e-05
191,/home/peiheng/Pybamm4NMC/parameterset/set2.json,cycle_qv_csv/sim_000191.csv,life_soh_csv/sim_000191.csv,522,1.0668167128745702,28.791666850237988,18.157175006314702,45.98839357684122,1.154497262775967,2.185448412811078,5.3340835643728514e-09,7.197916712559497e-21,1.8157175006314705e-08,4.598839357684122e-05,69269835.76655802,8.741793651244311e-06
192,/home/peiheng/Pybamm4NMC/parameterset/set2.json,cycle_qv_csv/sim_000192.csv,life_soh_csv/sim_000192.csv,458,1.7691601931779117,12.99871640104384,37.729332807599604,7.448467288727841,1.1199276625224146,2.973350413597529,8.84580096588956e-09,3.2496791002609596e-21,3.7729332807599606e-08,7.44846728872784e-06,67195659.75134487,1.1893401654390116e-05
193,/home/peiheng/Pybamm4NMC/parameterset/set2.json,cycle_qv_csv/sim_000193.csv,life_soh_csv/sim_000193.csv,467,1.9578517430009272,22.465830978657433,31.43632249092517,29.21371379699127,1.0431009411281815,1.8825483031641213,9.789258715004637e-09,5.616457744664358e-21,3.1436322490925176e-08,2.921371379699127e-05,62586056.46769089,7.530193212656484e-06
194,/home/peiheng/Pybamm4NMC/parameterset/set2.json,cycle_qv_csv/sim_000194.csv,life_soh_csv/sim_000194.csv,330,1.915002894496829,18.356665003661575,10.706968743680632,27.26578740279765,0.897355709510729,1.9905609280770729,9.575014472484144e-09,4.5891662509153936e-21,1.0706968743680632e-08,2.7265787402797648e-05,53841342.57064374,7.96224371230829e-06
195,/home/peiheng/Pybamm4NMC/parameterset/set2.json,cycle_qv_csv/sim_000195.csv,life_soh_csv/sim_000195.csv,320,1.4079839781929497,11.378708785954043,44.29903021795896,47.802294739290595,1.1540517935836656,2.691488152572405,7.039919890964749e-09,2.8446771964885104e-21,4.429903021795896e-08,4.780229473929059e-05,69243107.61501993,1.0765952610289619e-05
196,/home/peiheng/Pybamm4NMC/parameterset/set2.json,cycle_qv_csv/sim_000196.csv,life_soh_csv/sim_000196.csv,565,1.0648147225682865,9.823672907142317,23.70686090418741,11.8803707705968,1.0587810903627553,2.072168145109366,5.324073612841433e-09,2.455918226785579e-21,2.370686090418741e-08,1.18803707705968e-05,63526865.42176531,8.288672580437463e-06
197,/home/peiheng/Pybamm4NMC/parameterset/set2.json,cycle_qv_csv/sim_000197.csv,life_soh_csv/sim_000197.csv,199,1.73154845092454,8.089041576484536,27.554328285845163,34.10805509236621,0.8125419019432814,2.7959435904168046,8.6577422546227e-09,2.022260394121134e-21,2.7554328285845163e-08,3.410805509236621e-05,48752514.11659688,1.1183774361667217e-05
198,/home/peiheng/Pybamm4NMC/parameterset/set2.json,cycle_qv_csv/sim_000198.csv,life_soh_csv/sim_000198.csv,539,1.8174591254398584,25.946485993277616,5.8178158363309525,30.09676186323304,0.9019184325228161,1.1994866993623128,9.087295627199292e-09,6.486621498319404e-21,5.8178158363309525e-09,3.009676186323304e-05,54115105.951368965,4.797946797449251e-06
199,/home/peiheng/Pybamm4NMC/parameterset/set2.json,cycle_qv_csv/sim_000199.csv,life_soh_csv/sim_000199.csv,671,1.3251568420336617,20.944159121400624,20.651388055388985,17.84080251533525,1.1078552299791395,1.6226977062752446,6.625784210168309e-09,5.236039780350155e-21,2.0651388055388985e-08,1.7840802515335247e-05,66471313.798748374,6.490790825100978e-06
200,/home/peiheng/Pybamm4NMC/parameterset/set2.json,cycle_qv_csv/sim_000200.csv,life_soh_csv/sim_000200.csv,653,1.5902686456529926,27.592546558767378,44.94382036964374,10.497689525617655,0.9649282946695493,1.3790620339796316,7.951343228264963e-09,6.898136639691844e-21,4.494382036964374e-08,1.0497689525617655e-05,57895697.68017296,5.516248135918526e-06
201,/home/peiheng/Pybamm4NMC/parameterset/set2.json,cycle_qv_csv/sim_000201.csv,life_soh_csv/sim_000201.csv,334,1.1776959078956448,14.818217637368612,38.395911373576666,43.609857117729696,1.0238149852490939,2.3815734594242084,5.888479539478224e-09,3.704554409342152e-21,3.839591137357667e-08,4.360985711772969e-05,61428899.114945635,9.526293837696833e-06
202,/home/peiheng/Pybamm4NMC/parameterset/set2.json,cycle_qv_csv/sim_000202.csv,life_soh_csv/sim_000202.csv,428,1.673156826431711,8.608984136005965,15.474325315627755,45.78423351156032,0.9345032064185097,1.210536055510827,8.365784132158555e-09,2.152246034001491e-21,1.5474325315627757e-08,4.578423351156032e-05,56070192.38511058,4.842144222043308e-06
203,/home/peiheng/Pybamm4NMC/parameterset/set2.json,cycle_qv_csv/sim_000203.csv,life_soh_csv/sim_000203.csv,541,1.2606795683357581,19.18721873179974,46.13652286544731,40.925934163883866,1.071402156589968,1.7038783294525537,6.303397841678791e-09,4.796804682949934e-21,4.6136522865447316e-08,4.092593416388387e-05,64284129.39539809,6.815513317810214e-06
204,/home/peiheng/Pybamm4NMC/parameterset/set2.json,cycle_qv_csv/sim_000204.csv,life_soh_csv/sim_000204.csv,293,1.5725540689926323,5.620465315054053,42.91281889511052,27.03665278423905,0.9657733289261726,2.5618626114495435,7.862770344963161e-09,1.4051163287635131e-21,4.291281889511052e-08,2.7036652784239048e-05,57946399.735570356,1.0247450445798173e-05
205,/home/peiheng/Pybamm4NMC/parameterset/set2.json,cycle_qv_csv/sim_000205.csv,life_soh_csv/sim_000205.csv,424,1.8963949567448966,12.444815532217095,31.450998161099978,37.7714998009317,1.1847121974490264,2.249491077394457,9.481974783724482e-09,3.1112038830542737e-21,3.145099816109998e-08,3.77714998009317e-05,71082731.84694159,8.997964309577827e-06
206,/home/peiheng/Pybamm4NMC/parameterset/set2.json,cycle_qv_csv/sim_000206.csv,life_soh_csv/sim_000206.csv,286,1.0931478810384079,15.99615770605108,22.80486620391093,31.669102509146015,0.844406852745217,2.4224556411510254,5.465739405192039e-09,3.9990394265127695e-21,2.280486620391093e-08,3.166910250914601e-05,50664411.16471302,9.6898225646041e-06
207,/home/peiheng/Pybamm4NMC/parameterset/set2.json,cycle_qv_csv/sim_000207.csv,life_soh_csv/sim_000207.csv,285,1.3989192261666101,20.777723780394574,10.199496947034802,17.468448147770204,0.8769702153156025,2.8854497013365927,6.994596130833051e-09,5.194430945098643e-21,1.0199496947034804e-08,1.7468448147770202e-05,52618212.91893615,1.1541798805346371e-05
208,/home/peiheng/Pybamm4NMC/parameterset/set2.json,cycle_qv_csv/sim_000208.csv,life_soh_csv/sim_000208.csv,950,1.1862138116355816,24.50593216945469,16.71986525827349,9.902286252530574,1.1370708247129084,1.3258087204824998,5.931069058177908e-09,6.126483042363672e-21,1.671986525827349e-08,9.902286252530574e-06,68224249.48277451,5.303234881929999e-06
209,/home/peiheng/Pybamm4NMC/parameterset/set2.json,cycle_qv_csv/sim_000209.csv,life_soh_csv/sim_000209.csv,480,1.8742699677732313,27.83656280861839,36.16465587969704,13.715805209675736,1.0129892411378087,1.909494354581422,9.371349838866157e-09,6.959140702154596e-21,3.616465587969704e-08,1.3715805209675736e-05,60779354.46826853,7.637977418325687e-06
210,/home/peiheng/Pybamm4NMC/parameterset/set2.json,cycle_qv_csv/sim_000210.csv,life_soh_csv/sim_000210.csv,454,1.3291743721701867,29.41109486777186,40.73713508529611,33.263281241407434,0.9918197491785868,1.9023212632410877,6.645871860850934e-09,7.352773716942965e-21,4.0737135085296115e-08,3.326328124140743e-05,59509184.950715214,7.609285052964351e-06
211,/home/peiheng/Pybamm4NMC/parameterset/set2.json,cycle_qv_csv/sim_000211.csv,life_soh_csv/sim_000211.csv,558,1.2146341469793294,21.334294982850135,8.596072457391596,10.600691950672644,1.0843326421328132,2.1310243199222376,6.073170734896647e-09,5.333573745712533e-21,8.596072457391597e-09,1.0600691950672643e-05,65059958.527968794,8.52409727968895e-06
212,/home/peiheng/Pybamm4NMC/parameterset/set2.json,cycle_qv_csv/sim_000212.csv,life_soh_csv/sim_000212.csv,290,1.9801599661266587,7.581910591050979,32.30825843101417,45.186836798457634,0.8407309566595245,1.3729407356927237,9.900799830633293e-09,1.8954776477627448e-21,3.230825843101417e-08,4.518683679845763e-05,50443857.39957147,5.491762942770894e-06
213,/home/peiheng/Pybamm4NMC/parameterset/set2.json,cycle_qv_csv/sim_000213.csv,life_soh_csv/sim_000213.csv,536,1.455602303571854,23.793265393405214,45.97821934564533,24.79648441514612,0.8545656058462006,1.1886835602228512,7.27801151785927e-09,5.948316348351303e-21,4.597821934564533e-08,2.479648441514612e-05,51273936.35077203,4.754734240891404e-06
214,/home/peiheng/Pybamm4NMC/parameterset/set2.json,cycle_qv_csv/sim_000214.csv,life_soh_csv/sim_000214.csv,622,1.8700696746472274,16.648952468754263,18.806079076744606,38.934669401455665,1.1808372432910121,1.5943078019540549,9.350348373236137e-09,4.162238117188566e-21,1.8806079076744608e-08,3.8934669401455663e-05,70850234.59746073,6.3772312078162195e-06
215,/home/peiheng/Pybamm4NMC/parameterset/set2.json,cycle_qv_csv/sim_000215.csv,life_soh_csv/sim_000215.csv,427,1.0572277371273373,9.094657698566714,36.2016710130781,20.32835785804508,1.0234056029508103,2.3982144290186715,5.286138685636687e-09,2.2736644246416783e-21,3.62016710130781e-08,2.032835785804508e-05,61404336.177048616,9.592857716074686e-06
216,/home/peiheng/Pybamm4NMC/parameterset/set2.json,cycle_qv_csv/sim_000216.csv,life_soh_csv/sim_000216.csv,265,1.745042923739622,11.398939384575689,10.73247987191198,32.21542282111179,0.9041847237329391,2.546773024463853,8.725214618698111e-09,2.849734846143922e-21,1.0732479871911981e-08,3.2215422821111784e-05,54251083.42397635,1.0187092097855412e-05
217,/home/peiheng/Pybamm4NMC/parameterset/set2.json,cycle_qv_csv/sim_000217.csv,life_soh_csv/sim_000217.csv,466,1.52722464802549,18.46507127498727,23.853155523157582,12.93596801803951,1.1395145643908322,2.7532282122428473,7.63612324012745e-09,4.616267818746817e-21,2.3853155523157583e-08,1.293596801803951e-05,68370873.86344993,1.101291284897139e-05
218,/home/peiheng/Pybamm4NMC/parameterset/set2.json,cycle_qv_csv/sim_000218.csv,life_soh_csv/sim_000218.csv,304,1.8383304126458495,12.295530599179726,43.32571786018346,36.50911891229839,0.8007779853780497,1.3496660202854045,9.191652063229248e-09,3.0738826497949313e-21,4.3325717860183464e-08,3.650911891229839e-05,48046679.12268298,5.398664081141618e-06
219,/home/peiheng/Pybamm4NMC/parameterset/set2.json,cycle_qv_csv/sim_000219.csv,life_soh_csv/sim_000219.csv,377,1.61176059191662,29.86377737050882,19.91908955651466,44.68338161232311,0.9520530648660346,1.942632025489267,8.0588029595831e-09,7.465944342627204e-21,1.9919089556514662e-08,4.468338161232311e-05,57123183.891962074,7.770528101957067e-06
220,/home/peiheng/Pybamm4NMC/parameterset/set2.json,cycle_qv_csv/sim_000220.csv,life_soh_csv/sim_000220.csv,667,2.0,17.955079828911945,33.325314259691126,30.797068584702505,1.0076874464621726,1.1589518126516727,1e-08,4.488769957227986e-21,3.3325314259691126e-08,3.07970685847025e-05,60461246.78773035,4.63580725060669e-06
221,/home/peiheng/Pybamm4NMC/parameterset/set2.json,cycle_qv_csv/sim_000221.csv,life_soh_csv/sim_000221.csv,285,1.0051014317813696,10.054531953424306,8.812432633362388,25.13350102884976,0.8889085167697125,2.896596190736389,5.025507158906848e-09,2.5136329883560762e-21,8.812432633362388e-09,2.513350102884976e-05,53334511.00618275,1.1586384762945557e-05
222,/home/peiheng/Pybamm4NMC/parameterset/set2.json,cycle_qv_csv/sim_000222.csv,life_soh_csv/sim_000222.csv,381,1.654897369066935,25.597988104604184,26.962409365475676,15.489818123747579,0.9217761071924746,2.162768853492997,8.274486845334676e-09,6.399497026151045e-21,2.6962409365475677e-08,1.5489818123747578e-05,55306566.431548476,8.651075413971987e-06
223,/home/peiheng/Pybamm4NMC/parameterset/set2.json,cycle_qv_csv/sim_000223.csv,life_soh_csv/sim_000223.csv,466,1.1751105105966149,17.053466538246997,31.141582358721948,16.58302312271012,1.0977914228824965,2.553632783102989,5.875552552983074e-09,4.263366634561749e-21,3.114158235872195e-08,1.658302312271012e-05,65867485.372949794,1.0214531132411956e-05
224,/home/peiheng/Pybamm4NMC/parameterset/set2.json,cycle_qv_csv/sim_000224.csv,life_soh_csv/sim_000224.csv,654,1.269745457674892,6.433514707611462,11.832188406501372,6.932558106684219,1.1933827418454759,2.3696854340731486,6.348727288374461e-09,1.6083786769028652e-21,1.1832188406501372e-08,6.932558106684219e-06,71602964.51072855,9.478741736292593e-06
225,/home/peiheng/Pybamm4NMC/parameterset/set2.json,cycle_qv_csv/sim_000225.csv,life_soh_csv/sim_000225.csv,609,1.4806685339569676,23.561346176754036,48.701047342970625,41.09331206452604,1.1334438303091194,1.6962395284279732,7.403342669784839e-09,5.890336544188509e-21,4.870104734297063e-08,4.1093312064526036e-05,68006629.81854716,6.7849581137118925e-06
226,/home/peiheng/Pybamm4NMC/parameterset/set2.json,cycle_qv_csv/sim_000226.csv,life_soh_csv/sim_000226.csv,352,1.8831500900914666,28.77880216510637,21.06682344727326,21.8954343498067,0.8116407402710007,1.6052165619392524,9.415750450457334e-09,7.194700541276592e-21,2.1066823447273262e-08,2.1895434349806698e-05,48698444.41626004,6.420866247757009e-06
227,/home/peiheng/Pybamm4NMC/parameterset/set2.json,cycle_qv_csv/sim_000227.csv,life_soh_csv/sim_000227.csv,542,1.7988258916987538,13.39935240672625,46.67851625158125,28.179935351525074,0.9386642784083592,1.209444063147572,8.99412945849377e-09,3.349838101681562e-21,4.6678516251581254e-08,2.8179935351525073e-05,56319856.704501554,4.837776252590288e-06
228,/home/peiheng/Pybamm4NMC/parameterset/set2.json,cycle_qv_csv/sim_000228.csv,life_soh_csv/sim_000228.csv,421,1.6525383331493457,5.995104738403804,43.21146792950593,12.458573508808929,0.9639862660400557,2.179637470272805,8.262691665746729e-09,1.4987761846009509e-21,4.3211467929505934e-08,1.2458573508808928e-05,57839175.96240334,8.71854988109122e-06
229,/home/peiheng/Pybamm4NMC/parameterset/set2.json,cycle_qv_csv/sim_000229.csv,life_soh_csv/sim_000229.csv,307,1.2117431663618257,10.779323908542978,24.362850383696706,46.35282559082475,1.1221421437103871,2.930601840395676,6.058715831809128e-09,2.694830977135744e-21,2.4362850383696707e-08,4.635282559082475e-05,67328528.62262322,1.1722407361582702e-05
230,/home/peiheng/Pybamm4NMC/parameterset/set2.json,cycle_qv_csv/sim_000230.csv,life_soh_csv/sim_000230.csv,371,1.5635911758751333,19.589447370405274,8.735690041070324,36.26282763252556,1.1794397436645763,2.667209149383079,7.817955879375666e-09,4.897361842601318e-21,8.735690041070325e-09,3.6262827632525555e-05,70766384.61987458,1.0668836597532315e-05
231,/home/peiheng/Pybamm4NMC/parameterset/set2.json,cycle_qv_csv/sim_000231.csv,life_soh_csv/sim_000231.csv,409,1.0730600401949697,26.613926033909454,15.012645807099819,16.250824989674335,0.8684818964573479,1.8826275915045363,5.365300200974848e-09,6.653481508477363e-21,1.501264580709982e-08,1.6250824989674335e-05,52108913.78744087,7.530510366018145e-06
232,/home/peiheng/Pybamm4NMC/parameterset/set2.json,cycle_qv_csv/sim_000232.csv,life_soh_csv/sim_000232.csv,1022,1.3720442901964036,23.21818256013339,38.51873739309936,9.019312970813889,1.0178470820305079,1.3603471239279603,6.860221450982018e-09,5.8045456400333466e-21,3.851873739309936e-08,9.019312970813888e-06,61070824.921830475,5.441388495711841e-06
233,/home/peiheng/Pybamm4NMC/parameterset/set2.json,cycle_qv_csv/sim_000233.csv,life_soh_csv/sim_000233.csv,370,1.497464813342132,15.622029990403254,33.000970223833576,43.48060339346385,1.0916608181907752,2.2850617760169194,7.48732406671066e-09,3.905507497600813e-21,3.300097022383358e-08,4.348060339346385e-05,65499649.09144651,9.140247104067677e-06
234,/home/peiheng/Pybamm4NMC/parameterset/set2.json,cycle_qv_csv/sim_000234.csv,life_soh_csv/sim_000234.csv,290,1.7713204180683415,16.63286116353229,43.887914900263056,16.67108292725691,0.8057298512215367,2.2878054134963417,8.856602090341709e-09,4.158215290883072e-21,4.388791490026306e-08,1.667108292725691e-05,48343791.0732922,9.151221653985367e-06
235,/home/peiheng/Pybamm4NMC/parameterset/set2.json,cycle_qv_csv/sim_000235.csv,life_soh_csv/sim_000235.csv,650,1.9245576461096083,12.156651531570954,32.80890086039109,39.58435819162446,1.1345291674758973,1.3211061787469764,9.622788230548041e-09,3.0391628828927383e-21,3.2808900860391094e-08,3.958435819162446e-05,68071750.04855384,5.284424714987906e-06
236,/home/peiheng/Pybamm4NMC/parameterset/set2.json,cycle_qv_csv/sim_000236.csv,life_soh_csv/sim_000236.csv,501,1.2925402297032298,7.2524924283242775,21.361548186840867,12.526419359085814,0.8957482982944066,1.6252445123836163,6.462701148516149e-09,1.813123107081069e-21,2.1361548186840868e-08,1.2526419359085814e-05,53744897.8976644,6.500978049534465e-06
237,/home/peiheng/Pybamm4NMC/parameterset/set2.json,cycle_qv_csv/sim_000237.csv,life_soh_csv/sim_000237.csv,501,1.1854043070829927,10.629962439152067,33.16608548687731,5.9773272720558035,1.1289616479709534,2.7568562708816136,5.927021535414964e-09,2.6574906097880164e-21,3.316608548687731e-08,5.9773272720558036e-06,67737698.8782572,1.1027425083526453e-05
238,/home/peiheng/Pybamm4NMC/parameterset/set2.json,cycle_qv_csv/sim_000238.csv,life_soh_csv/sim_000238.csv,309,1.7101892696970005,17.69130485156939,27.172059986216055,23.94682975065571,0.9596915774240267,2.715453841183251,8.550946348485002e-09,4.422826212892348e-21,2.7172059986216057e-08,2.3946829750655707e-05,57581494.6454416,1.0861815364733005e-05
239,/home/peiheng/Pybamm4NMC/parameterset/set2.json,cycle_qv_csv/sim_000239.csv,life_soh_csv/sim_000239.csv,452,1.0433524477553804,22.981755564774264,13.80174468245333,46.96739942079348,1.0826430512811975,2.079293499942332,5.216762238776902e-09,5.745438891193566e-21,1.3801744682453332e-08,4.696739942079348e-05,64958583.07687185,8.317173999769327e-06
240,/home/peiheng/Pybamm4NMC/parameterset/set2.json,cycle_qv_csv/sim_000240.csv,life_soh_csv/sim_000240.csv,373,1.609027102758549,28.790965244566117,8.551901062229879,35.8665224345228,0.9327695269148737,1.857198155306697,8.045135513792746e-09,7.197741311141528e-21,8.551901062229879e-09,3.58665224345228e-05,55966171.61489242,7.428792621226787e-06
241,/home/peiheng/Pybamm4NMC/parameterset/set2.json,cycle_qv_csv/sim_000241.csv,life_soh_csv/sim_000241.csv,860,1.3868218707983397,24.271301033546386,44.953097596348236,30.078238803137392,1.0444976358020805,1.0587644390172477,6.9341093539916986e-09,6.067825258386596e-21,4.495309759634824e-08,3.007823880313739e-05,62669858.14812484,4.235057756068991e-06
242,/home/peiheng/Pybamm4NMC/parameterset/set2.json,cycle_qv_csv/sim_000242.csv,life_soh_csv/sim_000242.csv,557,1.9913395546472659,9.772839694397922,20.66743266691338,49.880749447588094,1.1478894404043554,1.3424053226274457,9.956697773236329e-09,2.4432099235994802e-21,2.0667432666913384e-08,4.988074944758809e-05,68873366.42426132,5.369621290509783e-06
243,/home/peiheng/Pybamm4NMC/parameterset/set2.json,cycle_qv_csv/sim_000243.csv,life_soh_csv/sim_000243.csv,377,1.3041941495275626,20.98753045672549,47.39717034850016,22.72314682277985,0.8101606163186595,1.6341494966901016,6.520970747637814e-09,5.246882614181372e-21,4.7397170348500164e-08,2.2723146822779848e-05,48609636.97911957,6.536597986760406e-06
244,/home/peiheng/Pybamm4NMC/parameterset/set2.json,cycle_qv_csv/sim_000244.csv,life_soh_csv/sim_000244.csv,518,1.556125899886874,13.30170429081168,28.79106277147834,7.299807132345639,1.166598901347934,2.83675321978291,7.78062949943437e-09,3.3254260727029194e-21,2.8791062771478342e-08,7.299807132345639e-06,69995934.08087605,1.134701287913164e-05
245,/home/peiheng/Pybamm4NMC/parameterset/set2.json,cycle_qv_csv/sim_000245.csv,life_soh_csv/sim_000245.csv,458,1.210956281007248,24.274059605411868,12.212031985450068,15.239431939131798,0.9185131355172992,1.819925032310035,6.0547814050362404e-09,6.0685149013529664e-21,1.2212031985450069e-08,1.5239431939131797e-05,55110788.13103795,7.2797001292401405e-06
246,/home/peiheng/Pybamm4NMC/parameterset/set2.json,cycle_qv_csv/sim_000246.csv,life_soh_csv/sim_000246.csv,322,1.8414110457221786,20.363859254050055,38.72660557646625,40.22350435388851,1.0091329779255787,2.3189396749096143,9.207055228610894e-09,5.090964813512513e-21,3.872660557646625e-08,4.0223504353888505e-05,60547978.67553472,9.275758699638457e-06
247,/home/peiheng/Pybamm4NMC/parameterset/set2.json,cycle_qv_csv/sim_000247.csv,life_soh_csv/sim_000247.csv,272,1.4858546883395958,28.00324551385982,7.5979707529429605,28.409952404009122,0.8830165816023278,2.7482343017287363,7.429273441697979e-09,7.000811378464955e-21,7.59797075294296e-09,2.840995240400912e-05,52980994.89613967,1.0992937206914945e-05
248,/home/peiheng/Pybamm4NMC/parameterset/set2.json,cycle_qv_csv/sim_000248.csv,life_soh_csv/sim_000248.csv,380,1.7151470268091094,14.802556518043328,40.16623475639199,18.986986764132496,0.9567941029238123,2.201055043905552,8.575735134045546e-09,3.700639129510832e-21,4.016623475639199e-08,1.8986986764132496e-05,57407646.17542874,8.804220175622206e-06
249,/home/peiheng/Pybamm4NMC/parameterset/set2.json,cycle_qv_csv/sim_000249.csv,life_soh_csv/sim_000249.csv,724,1.0646095848415404,8.003211419513958,24.468462816499404,33.63478154573448,1.0891690695702114,1.1374455461119406,5.323047924207702e-09,2.0008028548784895e-21,2.4468462816499404e-08,3.363478154573448e-05,65350144.17421269,4.549782184447763e-06
250,/home/peiheng/Pybamm4NMC/parameterset/set2.json,cycle_qv_csv/sim_000250.csv,life_soh_csv/sim_000250.csv,590,1.6251648609044063,26.047176093597802,42.94426796493899,22.874528539428283,1.1146829970754317,1.874069491708637,8.12582430452203e-09,6.51179402339945e-21,4.294426796493899e-08,2.2874528539428283e-05,66880979.8245259,7.496277966834547e-06
251,/home/peiheng/Pybamm4NMC/parameterset/set2.json,cycle_qv_csv/sim_000251.csv,life_soh_csv/sim_000251.csv,467,1.0107458610592253,23.550546245818445,45.774847716009056,41.483163748769286,0.8466354970456542,1.3006098288262067,5.053729305296126e-09,5.887636561454611e-21,4.577484771600906e-08,4.148316374876929e-05,50798129.82273925,5.202439315304827e-06
252,/home/peiheng/Pybamm4NMC/parameterset/set2.json,cycle_qv_csv/sim_000252.csv,life_soh_csv/sim_000252.csv,388,1.5106937863508134,14.174376484540122,6.870506641235598,21.237046975956662,1.0936453958481773,2.866366798976901,7.553468931754068e-09,3.5435941211350305e-21,6.8705066412355986e-09,2.123704697595666e-05,65618723.75089064,1.1465467195907603e-05
253,/home/peiheng/Pybamm4NMC/parameterset/set2.json,cycle_qv_csv/sim_000253.csv,life_soh_csv/sim_000253.csv,343,1.3731219463009006,20.355761068639747,29.1862672142288,36.66855605240552,0.9526367715178236,2.08234794866095,6.865609731504503e-09,5.088940267159937e-21,2.91862672142288e-08,3.666855605240552e-05,57158206.29106941,8.329391794643801e-06
254,/home/peiheng/Pybamm4NMC/parameterset/set2.json,cycle_qv_csv/sim_000254.csv,life_soh_csv/sim_000254.csv,499,1.9299754227368713,29.330192122509928,15.499774502895747,7.091865676050313,0.8742097501423496,1.5195828220493137,9.649877113684356e-09,7.33254803062748e-21,1.5499774502895747e-08,7.091865676050312e-06,52452585.00854097,6.078331288197254e-06
255,/home/peiheng/Pybamm4NMC/parameterset/set2.json,cycle_qv_csv/sim_000255.csv,life_soh_csv/sim_000255.csv,504,1.4636997119387192,15.543740211340946,24.81283120742112,49.00906984753392,0.9006174714568445,1.1574850069043237,7.318498559693596e-09,3.885935052835236e-21,2.481283120742112e-08,4.900906984753392e-05,54037048.28741067,4.629940027617295e-06
256,/home/peiheng/Pybamm4NMC/parameterset/set2.json,cycle_qv_csv/sim_000256.csv,life_soh_csv/sim_000256.csv,466,1.844645205940382,10.392903140549198,35.263708886774396,13.746058252166737,1.1598737957262508,2.6780454680156853,9.22322602970191e-09,2.598225785137299e-21,3.52637088867744e-08,1.3746058252166737e-05,69592427.74357505,1.071218187206274e-05
257,/home/peiheng/Pybamm4NMC/parameterset/set2.json,cycle_qv_csv/sim_000257.csv,life_soh_csv/sim_000257.csv,378,1.1917386687171152,5.839197332144733,21.466156637127607,29.556001285370854,1.041424584332056,2.2892326892288044,5.958693343585576e-09,1.459799333036183e-21,2.146615663712761e-08,2.9556001285370854e-05,62485475.05992336,9.156930756915217e-06
258,/home/peiheng/Pybamm4NMC/parameterset/set2.json,cycle_qv_csv/sim_000258.csv,life_soh_csv/sim_000258.csv,332,1.350508254335252,6.683202328483924,31.19231769750194,40.79263301912241,1.1083605551099531,2.198024756746526,6.75254127167626e-09,1.670800582120981e-21,3.1192317697501944e-08,4.079263301912241e-05,66501633.30659719,8.792099026986104e-06
259,/home/peiheng/Pybamm4NMC/parameterset/set2.json,cycle_qv_csv/sim_000259.csv,life_soh_csv/sim_000259.csv,411,1.945970526052664,22.555126193487887,45.04083270036966,13.436897065437872,0.9862406702383266,2.2505897071752416,9.72985263026332e-09,5.638781548371971e-21,4.504083270036967e-08,1.3436897065437871e-05,59174440.2142996,9.002358828700966e-06
260,/home/peiheng/Pybamm4NMC/parameterset/set2.json,cycle_qv_csv/sim_000260.csv,life_soh_csv/sim_000260.csv,1098,1.449598900694114,26.206360993620656,39.69002648772305,8.267867100034561,1.1727254956500321,1.2102085229613313,7.24799450347057e-09,6.551590248405163e-21,3.9690026487723055e-08,8.267867100034561e-06,70363529.73900193,4.840834091845325e-06
261,/home/peiheng/Pybamm4NMC/parameterset/set2.json,cycle_qv_csv/sim_000261.csv,life_soh_csv/sim_000261.csv,419,1.5786533899914859,9.359792066788337,20.870919186815108,18.38868427222755,0.8073473514901314,1.4049942183691315,7.89326694995743e-09,2.339948016697084e-21,2.0870919186815108e-08,1.8388684272227548e-05,48440841.08940788,5.619976873476526e-06
262,/home/peiheng/Pybamm4NMC/parameterset/set2.json,cycle_qv_csv/sim_000262.csv,life_soh_csv/sim_000262.csv,365,1.2236244996009489,29.852310976585915,37.88044555957356,34.274756132689575,1.0861373953926583,2.7273331029917265,6.118122498004744e-09,7.463077744146478e-21,3.788044555957356e-08,3.4274756132689573e-05,65168243.7235595,1.0909332411966905e-05
263,/home/peiheng/Pybamm4NMC/parameterset/set2.json,cycle_qv_csv/sim_000263.csv,life_soh_csv/sim_000263.csv,388,1.6536615585788579,15.076403894951062,25.264787192080956,31.318111223083736,0.9487204889271992,1.6308071418320054,8.268307792894289e-09,3.769100973737765e-21,2.5264787192080957e-08,3.1318111223083736e-05,56923229.33563195,6.523228567328022e-06
264,/home/peiheng/Pybamm4NMC/parameterset/set2.json,cycle_qv_csv/sim_000264.csv,life_soh_csv/sim_000264.csv,232,1.8690367641964123,11.278684408691138,9.034075457188923,45.104952516397695,1.0107744742050515,2.9131057629079296,9.345183820982061e-09,2.819671102172784e-21,9.034075457188923e-09,4.510495251639769e-05,60646468.45230309,1.1652423051631718e-05
265,/home/peiheng/Pybamm4NMC/parameterset/set2.json,cycle_qv_csv/sim_000265.csv,life_soh_csv/sim_000265.csv,432,1.0187087269405786,18.973618104159478,11.22050713142196,23.029267153710485,0.8890663272409146,1.7696291936319772,5.093543634702893e-09,4.743404526039869e-21,1.1220507131421961e-08,2.3029267153710486e-05,53343979.634454876,7.078516774527908e-06
266,/home/peiheng/Pybamm4NMC/parameterset/set2.json,cycle_qv_csv/sim_000266.csv,life_soh_csv/sim_000266.csv,254,1.783974687620525,10.823170451428247,17.309672856125236,35.521211565044474,0.855178511999447,2.216050010236043,8.919873438102625e-09,2.7057926128570614e-21,1.7309672856125236e-08,3.5521211565044476e-05,51310710.71996682,8.864200040944172e-06
267,/home/peiheng/Pybamm4NMC/parameterset/set2.json,cycle_qv_csv/sim_000267.csv,life_soh_csv/sim_000267.csv,399,1.7182256319090818,28.26141551688255,9.43465919652004,13.583051072390104,0.9875143399075712,2.3958700600596083,8.591128159545409e-09,7.065353879220637e-21,9.43465919652004e-09,1.3583051072390104e-05,59250860.39445427,9.583480240238433e-06
268,/home/peiheng/Pybamm4NMC/parameterset/set2.json,cycle_qv_csv/sim_000268.csv,life_soh_csv/sim_000268.csv,557,1.5411272697246798,15.936816348248115,28.02082567202853,40.633220667737675,1.0842371334992236,1.5620202900097466,7.7056363486234e-09,3.984204087062028e-21,2.8020825672028532e-08,4.063322066773767e-05,65054228.00995342,6.248081160038986e-06
269,/home/peiheng/Pybamm4NMC/parameterset/set2.json,cycle_qv_csv/sim_000269.csv,life_soh_csv/sim_000269.csv,556,1.9641596116378266,20.69807471123758,49.52054525212297,19.424256516620385,0.9360006248443387,1.3391203736154482,9.820798058189133e-09,5.174518677809395e-21,4.952054525212298e-08,1.9424256516620383e-05,56160037.49066032,5.3564814944617925e-06
270,/home/peiheng/Pybamm4NMC/parameterset/set2.json,cycle_qv_csv/sim_000270.csv,life_soh_csv/sim_000270.csv,381,1.2703984437137177,17.611938301259244,36.34605004785215,7.135383171527583,1.0035208130750473,2.865303163683513,6.351992218568589e-09,4.402984575314811e-21,3.6346050047852156e-08,7.135383171527583e-06,60211248.784502834,1.1461212654734051e-05
271,/home/peiheng/Pybamm4NMC/parameterset/set2.json,cycle_qv_csv/sim_000271.csv,life_soh_csv/sim_000271.csv,418,1.234317940168851,24.408436850669062,10.675095198592945,49.995486246212224,1.1712323486662333,2.548866115262035,6.171589700844256e-09,6.102109212667265e-21,1.0675095198592946e-08,4.9995486246212225e-05,70273940.919974,1.0195464461048138e-05
272,/home/peiheng/Pybamm4NMC/parameterset/set2.json,cycle_qv_csv/sim_000272.csv,life_soh_csv/sim_000272.csv,498,1.4154443331285662,11.739382878707865,23.65953085760491,25.832639336379632,0.8259837275316455,1.0260816208205201,7.077221665642831e-09,2.934845719676966e-21,2.365953085760491e-08,2.583263933637963e-05,49559023.65189873,4.10432648328208e-06
273,/home/peiheng/Pybamm4NMC/parameterset/set2.json,cycle_qv_csv/sim_000273.csv,life_soh_csv/sim_000273.csv,533,1.1044156268211076,7.848842592248456,42.95061605349158,29.063620988892037,1.1471943542485854,1.8049098662615681,5.522078134105538e-09,1.962210648062114e-21,4.295061605349158e-08,2.9063620988892035e-05,68831661.25491512,7.219639465046272e-06
274,/home/peiheng/Pybamm4NMC/parameterset/set2.json,cycle_qv_csv/sim_000274.csv,life_soh_csv/sim_000274.csv,350,1.7148323258228984,10.282937592630905,35.33233374047833,15.458928279868625,0.8259860765873712,1.9304884173952979,8.574161629114493e-09,2.570734398157726e-21,3.533233374047834e-08,1.5458928279868622e-05,49559164.59524228,7.721953669581191e-06
275,/home/peiheng/Pybamm4NMC/parameterset/set2.json,cycle_qv_csv/sim_000275.csv,life_soh_csv/sim_000275.csv,339,1.5565110731718776,11.842209542465916,29.31270726983614,23.104853657027526,1.0257461545155024,2.809956124120636,7.782555365859389e-09,2.9605523856164788e-21,2.931270726983614e-08,2.3104853657027524e-05,61544769.27093015,1.1239824496482544e-05
276,/home/peiheng/Pybamm4NMC/parameterset/set2.json,cycle_qv_csv/sim_000276.csv,life_soh_csv/sim_000276.csv,402,1.1546201850372244,22.16781393733558,25.554465289011986,8.43606676554682,0.8764393477248752,2.0758537595323734,5.773100925186122e-09,5.541953484333895e-21,2.5554465289011987e-08,8.436066765546818e-06,52586360.86349251,8.303415038129493e-06
277,/home/peiheng/Pybamm4NMC/parameterset/set2.json,cycle_qv_csv/sim_000277.csv,life_soh_csv/sim_000277.csv,577,1.7997480875748484,18.261338778033515,5.085361132514022,29.833361679642408,1.1014263141231828,1.5352755464673522,8.998740437874243e-09,4.5653346945083784e-21,5.085361132514022e-09,2.9833361679642406e-05,66085578.84739097,6.141102185869408e-06
278,/home/peiheng/Pybamm4NMC/parameterset/set2.json,cycle_qv_csv/sim_000278.csv,life_soh_csv/sim_000278.csv,727,1.9046777411968916,27.45049968791687,15.818487909955984,20.615207566739166,0.9618714351398066,1.100157790531837,9.523388705984458e-09,6.862624921979218e-21,1.5818487909955984e-08,2.0615207566739165e-05,57712286.108388394,4.400631162127347e-06
279,/home/peiheng/Pybamm4NMC/parameterset/set2.json,cycle_qv_csv/sim_000279.csv,life_soh_csv/sim_000279.csv,462,1.0998298907479895,15.150237214448024,41.93118743946265,37.048197317045926,0.9018960532968587,1.3318811054592936,5.499149453739948e-09,3.787559303612006e-21,4.1931187439462647e-08,3.7048197317045924e-05,54113763.19781152,5.327524421837174e-06
280,/home/peiheng/Pybamm4NMC/parameterset/set2.json,cycle_qv_csv/sim_000280.csv,life_soh_csv/sim_000280.csv,272,1.3529786553132814,7.444077865574575,45.721502885794365,44.25098001482895,1.058836835295621,2.7461749941730096,6.764893276566407e-09,1.8610194663936436e-21,4.572150288579437e-08,4.4250980014828944e-05,63530210.11773726,1.0984699976692039e-05
281,/home/peiheng/Pybamm4NMC/parameterset/set2.json,cycle_qv_csv/sim_000281.csv,life_soh_csv/sim_000281.csv,446,1.4457361196478047,24.194237358137567,19.450778315297995,47.549832005280805,1.1775386675193913,2.42911198415253,7.228680598239024e-09,6.048559339534391e-21,1.9450778315297998e-08,4.75498320052808e-05,70652320.05116348,9.71644793661012e-06
282,/home/peiheng/Pybamm4NMC/parameterset/set2.json,cycle_qv_csv/sim_000282.csv,life_soh_csv/sim_000282.csv,361,1.3330840360535574,26.455515102180403,19.492475600408568,47.07786105206274,0.8204510919828589,1.4874306586828,6.665420180267787e-09,6.6138787755451e-21,1.949247560040857e-08,4.7077861052062736e-05,49227065.51897153,5.9497226347312e-06
283,/home/peiheng/Pybamm4NMC/parameterset/set2.json,cycle_qv_csv/sim_000283.csv,life_soh_csv/sim_000283.csv,224,1.4903176503998197,9.91290699736146,49.45063199795647,38.364040912301846,0.8501224360511899,2.6734732631535287,7.451588251999098e-09,2.478226749340365e-21,4.945063199795647e-08,3.836404091230185e-05,51007346.163071394,1.0693893052614114e-05
284,/home/peiheng/Pybamm4NMC/parameterset/set2.json,cycle_qv_csv/sim_000284.csv,life_soh_csv/sim_000284.csv,356,1.7303591245193226,18.29112159576902,41.81143367421507,38.98207365364219,1.092400431280756,2.454171219670423,8.651795622596614e-09,4.5727803989422545e-21,4.181143367421507e-08,3.8982073653642186e-05,65544025.87684536,9.816684878681691e-06
285,/home/peiheng/Pybamm4NMC/parameterset/set2.json,cycle_qv_csv/sim_000285.csv,life_soh_csv/sim_000285.csv,811,1.51212927727921,11.309226007805165,10.871797248857998,10.820033728795318,1.1997759728050215,1.5622646010515284,7.56064638639605e-09,2.827306501951291e-21,1.0871797248857998e-08,1.0820033728795317e-05,71986558.36830129,6.249058404206113e-06
286,/home/peiheng/Pybamm4NMC/parameterset/set2.json,cycle_qv_csv/sim_000286.csv,life_soh_csv/sim_000286.csv,308,1.8664117843042698,6.80717930986425,36.17051798379431,20.309198242052688,1.0168401564239076,2.9437222254235156,9.33205892152135e-09,1.7017948274660625e-21,3.617051798379431e-08,2.0309198242052685e-05,61010409.385434456,1.1774888901694062e-05
287,/home/peiheng/Pybamm4NMC/parameterset/set2.json,cycle_qv_csv/sim_000287.csv,life_soh_csv/sim_000287.csv,372,1.9342213596863005,22.658659402591116,29.65873460799923,24.333653346650358,0.9930342903949971,2.1069363489032793,9.671106798431502e-09,5.664664850647778e-21,2.965873460799923e-08,2.4333653346650357e-05,59582057.423699826,8.427745395613117e-06
288,/home/peiheng/Pybamm4NMC/parameterset/set2.json,cycle_qv_csv/sim_000288.csv,life_soh_csv/sim_000288.csv,688,1.1048545071481572,28.70054616082747,7.125652489080743,6.143971033243716,1.1114842849371251,1.774925567541998,5.524272535740786e-09,7.175136540206868e-21,7.125652489080743e-09,6.143971033243715e-06,66689057.09622751,7.099702270167991e-06
289,/home/peiheng/Pybamm4NMC/parameterset/set2.json,cycle_qv_csv/sim_000289.csv,life_soh_csv/sim_000289.csv,619,1.1641491611596755,16.53918720503492,25.10321162728486,30.726768481085493,0.9312106778262643,1.1385006233422472,5.820745805798378e-09,4.13479680125873e-21,2.510321162728486e-08,3.072676848108549e-05,55872640.66957586,4.554002493368988e-06
290,/home/peiheng/Pybamm4NMC/parameterset/set2.json,cycle_qv_csv/sim_000290.csv,life_soh_csv/sim_000290.csv,344,1.5357838251889802,6.908153667546598,7.541184511969483,28.04042019970877,1.114628422089801,2.8684238472165444,7.678919125944902e-09,1.7270384168866494e-21,7.541184511969484e-09,2.8040420199708768e-05,66877705.32538807,1.1473695388866176e-05
291,/home/peiheng/Pybamm4NMC/parameterset/set2.json,cycle_qv_csv/sim_000291.csv,life_soh_csv/sim_000291.csv,544,1.8254860804201827,16.992038883433903,16.542524264535544,47.18559489088129,1.177317591675474,1.7474779021465157,9.127430402100914e-09,4.248009720858475e-21,1.6542524264535545e-08,4.718559489088129e-05,70639055.50052844,6.9899116085860625e-06
292,/home/peiheng/Pybamm4NMC/parameterset/set2.json,cycle_qv_csv/sim_000292.csv,life_soh_csv/sim_000292.csv,458,1.1132568267800904,26.15448641620844,24.956159884750228,17.047043803477813,0.9129374748508083,1.75926181612124,5.566284133900452e-09,6.538621604052109e-21,2.495615988475023e-08,1.704704380347781e-05,54776248.4910485,7.03704726448496e-06
293,/home/peiheng/Pybamm4NMC/parameterset/set2.json,cycle_qv_csv/sim_000293.csv,life_soh_csv/sim_000293.csv,617,1.9291153772799285,10.289954456475009,17.47261790098919,6.707486570587813,0.814783410039959,1.111758382489392,9.645576886399644e-09,2.572488614118752e-21,1.7472617900989188e-08,6.707486570587813e-06,48887004.60239754,4.447033529957567e-06
294,/home/peiheng/Pybamm4NMC/parameterset/set2.json,cycle_qv_csv/sim_000294.csv,life_soh_csv/sim_000294.csv,308,1.7376763549476797,29.24763540708264,33.363694720637284,43.488745107534726,1.0272426096022669,2.7291585334748607,8.6883817747384e-09,7.31190885177066e-21,3.336369472063728e-08,4.348874510753472e-05,61634556.576136015,1.0916634133899442e-05
295,/home/peiheng/Pybamm4NMC/parameterset/set2.json,cycle_qv_csv/sim_000295.csv,life_soh_csv/sim_000295.csv,445,1.4312473258973843,19.176268752763352,31.5985610257483,13.739271296324937,0.9885012563785681,2.190862900043302,7.1562366294869216e-09,4.7940671881908375e-21,3.15985610257483e-08,1.3739271296324935e-05,59310075.382714085,8.763451600173209e-06
296,/home/peiheng/Pybamm4NMC/parameterset/set2.json,cycle_qv_csv/sim_000296.csv,life_soh_csv/sim_000296.csv,610,1.1280335083342983,11.879780415251243,48.718969652190815,27.19179985208089,1.0919064421470657,1.492984750423793,5.6401675416714915e-09,2.9699451038128105e-21,4.871896965219082e-08,2.719179985208089e-05,65514386.52882394,5.971939001695172e-06
297,/home/peiheng/Pybamm4NMC/parameterset/set2.json,cycle_qv_csv/sim_000297.csv,life_soh_csv/sim_000297.csv,302,1.3516350313004235,22.784948502615823,40.145114247215716,35.5369826572062,0.8955300976010794,2.267926991390576,6.758175156502117e-09,5.696237125653955e-21,4.014511424721572e-08,3.55369826572062e-05,53731805.85606476,9.071707965562304e-06
298,/home/peiheng/Pybamm4NMC/parameterset/set2.json,cycle_qv_csv/sim_000298.csv,life_soh_csv/sim_000298.csv,775,1.3034933371651578,27.606374497050183,18.13164292642686,37.63226623822057,1.1129014765709528,1.292834752752782,6.517466685825789e-09,6.901593624262545e-21,1.8131642926426862e-08,3.763226623822057e-05,66774088.59425717,5.1713390110111276e-06
299,/home/peiheng/Pybamm4NMC/parameterset/set2.json,cycle_qv_csv/sim_000299.csv,life_soh_csv/sim_000299.csv,233,1.4423286858322215,22.420019742522356,47.283740483134075,31.881176128098303,0.8193219331410112,2.76330647118301,7.211643429161108e-09,5.605004935630589e-21,4.728374048313408e-08,3.18811761280983e-05,49159315.988460675,1.1053225884732039e-05
300,/home/peiheng/Pybamm4NMC/parameterset/set2.json,cycle_qv_csv/sim_000300.csv,life_soh_csv/sim_000300.csv,400,1.0672519086217864,9.52985866066485,26.11262606697766,41.41236050565988,1.0961815620635327,2.124890084996074,5.336259543108933e-09,2.3824646651662123e-21,2.611262606697766e-08,4.141236050565988e-05,65770893.72381196,8.499560339984295e-06
301,/home/peiheng/Pybamm4NMC/parameterset/set2.json,cycle_qv_csv/sim_000301.csv,life_soh_csv/sim_000301.csv,641,1.6071139127614151,20.321144868440474,8.008518812342157,21.967951243770745,0.9785727914068469,1.234211962044962,8.035569563807076e-09,5.080286217110118e-21,8.008518812342156e-09,2.1967951243770746e-05,58714367.484410815,4.936847848179848e-06
303,/home/peiheng/Pybamm4NMC/parameterset/set2.json,cycle_qv_csv/sim_000303.csv,life_soh_csv/sim_000303.csv,278,1.969395336856528,15.900679379171951,43.82750169693171,16.00711443518941,0.8604530065738873,2.717586199891024,9.84697668428264e-09,3.9751698447929876e-21,4.382750169693172e-08,1.600711443518941e-05,51627180.39443324,1.0870344799564096e-05
304,/home/peiheng/Pybamm4NMC/parameterset/set2.json,cycle_qv_csv/sim_000304.csv,life_soh_csv/sim_000304.csv,478,1.7842277975599516,14.302386462193379,38.51661190429834,7.586828132676077,1.008100303254338,2.2723194106234903,8.921138987799758e-09,3.575596615548344e-21,3.851661190429834e-08,7.586828132676076e-06,60486018.19526029,9.08927764249396e-06
305,/home/peiheng/Pybamm4NMC/parameterset/set2.json,cycle_qv_csv/sim_000305.csv,life_soh_csv/sim_000305.csv,513,1.1256447081219048,7.990219066487832,28.084534913077412,16.40869467528649,0.9014406936670697,1.5369275123633759,5.628223540609524e-09,1.997554766621958e-21,2.8084534913077413e-08,1.6408694675286488e-05,54086441.62002418,6.147710049453503e-06
306,/home/peiheng/Pybamm4NMC/parameterset/set2.json,cycle_qv_csv/sim_000306.csv,life_soh_csv/sim_000306.csv,607,1.5291015291540015,9.953433312421232,23.599388465269865,22.731224133340223,1.02005766009619,1.2138534170428168,7.645507645770007e-09,2.488358328105308e-21,2.3599388465269867e-08,2.2731224133340224e-05,61203459.60577139,4.855413668171267e-06
307,/home/peiheng/Pybamm4NMC/parameterset/set2.json,cycle_qv_csv/sim_000307.csv,life_soh_csv/sim_000307.csv,270,1.2596660257804577,25.365541441064273,13.592517156249304,47.720086641701805,0.8900443191584305,2.421594449538689,6.298330128902288e-09,6.341385360266068e-21,1.3592517156249305e-08,4.7720086641701806e-05,53402659.14950583,9.686377798154757e-06
308,/home/peiheng/Pybamm4NMC/parameterset/set2.json,cycle_qv_csv/sim_000308.csv,life_soh_csv/sim_000308.csv,453,1.7837361107594414,21.734749072725844,10.5197001811363,10.340575590732488,1.0992270642551538,2.6922338597590803,8.918680553797208e-09,5.43368726818146e-21,1.05197001811363e-08,1.0340575590732487e-05,65953623.855309226,1.076893543903632e-05
309,/home/peiheng/Pybamm4NMC/parameterset/set2.json,cycle_qv_csv/sim_000309.csv,life_soh_csv/sim_000309.csv,318,1.4350705369846368,12.206340635988791,43.60895038366043,38.88747096340773,0.9474193161589082,2.0508983627647543,7.175352684923185e-09,3.0515851589971977e-21,4.360895038366043e-08,3.888747096340773e-05,56845158.969534494,8.203593451059017e-06
310,/home/peiheng/Pybamm4NMC/parameterset/set2.json,cycle_qv_csv/sim_000310.csv,life_soh_csv/sim_000310.csv,612,1.6425412756854,19.137821522143874,28.693030863272135,16.96020521721644,1.1524058947069686,1.8505551512062381,8.212706378427e-09,4.784455380535968e-21,2.8693030863272138e-08,1.696020521721644e-05,69144353.68241812,7.402220604824952e-06
311,/home/peiheng/Pybamm4NMC/parameterset/set2.json,cycle_qv_csv/sim_000311.csv,life_soh_csv/sim_000311.csv,692,1.9534699655840593,29.97717583095096,16.41686611838984,37.45176612431407,1.1112435074806604,1.344156298380737,9.767349827920297e-09,7.494293957737739e-21,1.6416866118389842e-08,3.7451766124314065e-05,66674610.44883962,5.376625193522948e-06
312,/home/peiheng/Pybamm4NMC/parameterset/set2.json,cycle_qv_csv/sim_000312.csv,life_soh_csv/sim_000312.csv,253,1.1294822883009705,16.061713640845134,36.22460172953674,32.30499899056252,0.841517640604348,2.7681800527502674,5.647411441504853e-09,4.015428410211283e-21,3.6224601729536736e-08,3.2304998990562515e-05,50491058.43626088,1.1072720211001069e-05
313,/home/peiheng/Pybamm4NMC/parameterset/set2.json,cycle_qv_csv/sim_000313.csv,life_soh_csv/sim_000313.csv,594,1.0590533006093705,8.116695960599705,47.030598873168124,11.077426513844692,0.9630034624394012,1.633318284278531,5.295266503046853e-09,2.0291739901499258e-21,4.7030598873168126e-08,1.1077426513844692e-05,57780207.74636407,6.533273137114123e-06
314,/home/peiheng/Pybamm4NMC/parameterset/set2.json,cycle_qv_csv/sim_000314.csv,life_soh_csv/sim_000314.csv,379,1.0831600800530878,8.28542575554397,44.069337303403124,38.63928226670474,0.8070627342538861,1.2817045045628497,5.415800400265439e-09,2.0713564388859926e-21,4.4069337303403126e-08,3.863928226670474e-05,48423764.055233166,5.126818018251398e-06
315,/home/peiheng/Pybamm4NMC/parameterset/set2.json,cycle_qv_csv/sim_000315.csv,life_soh_csv/sim_000315.csv,265,1.2140277419281427,20.42435361420387,8.705416649254184,28.76825730200484,0.873255551699599,2.898395111521692,6.070138709640713e-09,5.106088403550967e-21,8.705416649254185e-09,2.876825730200484e-05,52395333.10197594,1.1593580446086768e-05
316,/home/peiheng/Pybamm4NMC/parameterset/set2.json,cycle_qv_csv/sim_000316.csv,life_soh_csv/sim_000316.csv,682,1.3875450832869816,6.260859701000531,13.536445607770473,45.58720106631668,1.1939924359959175,1.2060331459298488,6.937725416434908e-09,1.5652149252501327e-21,1.3536445607770473e-08,4.558720106631668e-05,71639546.15975505,4.824132583719395e-06
317,/home/peiheng/Pybamm4NMC/parameterset/set2.json,cycle_qv_csv/sim_000317.csv,life_soh_csv/sim_000317.csv,606,1.5756694719384363,25.708778150318164,24.452337821839926,16.55316585314341,1.079043036974473,1.7488700354170406,7.878347359692181e-09,6.427194537579541e-21,2.445233782183993e-08,1.6553165853143406e-05,64742582.21846838,6.995480141668162e-06
318,/home/peiheng/Pybamm4NMC/parameterset/set2.json,cycle_qv_csv/sim_000318.csv,life_soh_csv/sim_000318.csv,494,1.6754350638843651,13.886892720077464,16.765743567274193,7.302818732378801,0.9187395271800617,1.845351429260255,8.377175319421826e-09,3.4717231800193656e-21,1.6765743567274194e-08,7.302818732378801e-06,55124371.630803704,7.38140571704102e-06
319,/home/peiheng/Pybamm4NMC/parameterset/set2.json,cycle_qv_csv/sim_000319.csv,life_soh_csv/sim_000319.csv,478,1.7701393869322883,16.985754919678207,36.50909187620461,13.841005402518972,1.134332140361118,2.4992335877415486,8.850696934661442e-09,4.2464387299195514e-21,3.650909187620461e-08,1.3841005402518971e-05,68059928.42166708,9.996934350966195e-06
320,/home/peiheng/Pybamm4NMC/parameterset/set2.json,cycle_qv_csv/sim_000320.csv,life_soh_csv/sim_000320.csv,298,1.9665022218391457,21.837066903753108,30.829065727091315,39.73952970797283,1.013549125260657,2.5061771848279677,9.832511109195728e-09,5.4592667259382766e-21,3.082906572709132e-08,3.9739529707972825e-05,60812947.51563942,1.002470873931187e-05
321,/home/peiheng/Pybamm4NMC/parameterset/set2.json,cycle_qv_csv/sim_000321.csv,life_soh_csv/sim_000321.csv,384,1.3010410659406886,27.630800268402233,48.96746655593066,27.229806526969107,0.9876619486230122,2.1661967999911704,6.505205329703443e-09,6.907700067100557e-21,4.8967466555930667e-08,2.7229806526969105e-05,59259716.91738073,8.664787199964682e-06
322,/home/peiheng/Pybamm4NMC/parameterset/set2.json,cycle_qv_csv/sim_000322.csv,life_soh_csv/sim_000322.csv,866,1.1102250377614158,17.741103068321237,40.39091342725619,37.22397757943938,1.0540875401073935,1.03786019977797,5.551125188807079e-09,4.435275767080309e-21,4.0390913427256187e-08,3.7223977579439374e-05,63245252.40644361,4.1514407991118796e-06
323,/home/peiheng/Pybamm4NMC/parameterset/set2.json,cycle_qv_csv/sim_000323.csv,life_soh_csv/sim_000323.csv,283,1.9793465366135763,24.64083168768127,17.97327058731947,25.872220013489052,0.9795613805325147,2.9761299608700424,9.896732683067881e-09,6.1602079219203174e-21,1.797327058731947e-08,2.587222001348905e-05,58773682.83195088,1.1904519843480169e-05
324,/home/peiheng/Pybamm4NMC/parameterset/set2.json,cycle_qv_csv/sim_000324.csv,life_soh_csv/sim_000324.csv,789,1.7576018591328597,12.213179092309268,47.27528975624185,6.488477333129138,1.0072867633781164,1.2553544330901472,8.788009295664298e-09,3.0532947730773166e-21,4.727528975624185e-08,6.488477333129137e-06,60437205.80268698,5.021417732360588e-06
325,/home/peiheng/Pybamm4NMC/parameterset/set2.json,cycle_qv_csv/sim_000325.csv,life_soh_csv/sim_000325.csv,325,1.385745028084012,21.985899994702972,15.71171418806476,12.669292104355389,0.8418074045473002,2.372737887807277,6.92872514042006e-09,5.496474998675742e-21,1.5711714188064763e-08,1.2669292104355388e-05,50508444.27283801,9.490951551229107e-06
326,/home/peiheng/Pybamm4NMC/parameterset/set2.json,cycle_qv_csv/sim_000326.csv,life_soh_csv/sim_000326.csv,478,1.7356706394258052,15.879912001315724,36.97931207525696,43.699639597946295,1.1142300814802253,1.8913776404367928,8.678353197129027e-09,3.96997800032893e-21,3.697931207525697e-08,4.369963959794629e-05,66853804.88881352,7.565510561747171e-06
327,/home/peiheng/Pybamm4NMC/parameterset/set2.json,cycle_qv_csv/sim_000327.csv,life_soh_csv/sim_000327.csv,258,1.3153848432390465,5.180671607212963,32.34346098109616,44.580658316716686,0.9257785599604653,2.0952453752906752,6.5769242161952325e-09,1.2951679018032406e-21,3.234346098109616e-08,4.458065831671668e-05,55546713.597627915,8.380981501162701e-06
328,/home/peiheng/Pybamm4NMC/parameterset/set2.json,cycle_qv_csv/sim_000328.csv,life_soh_csv/sim_000328.csv,292,1.5943649839170544,9.18305751958177,25.171428134672095,17.304972550952833,0.8758355982460972,2.6747875911161225,7.971824919585272e-09,2.2957643798954423e-21,2.5171428134672096e-08,1.7304972550952833e-05,52550135.89476583,1.069915036446449e-05
329,/home/peiheng/Pybamm4NMC/parameterset/set2.json,cycle_qv_csv/sim_000329.csv,life_soh_csv/sim_000329.csv,774,1.1780980994127115,26.9955396988845,5.137921005726488,30.25091546829033,1.1820389433241443,1.5257761028911099,5.890490497063558e-09,6.7488849247211244e-21,5.1379210057264885e-09,3.025091546829033e-05,70922336.59944865,6.103104411564439e-06
330,/home/peiheng/Pybamm4NMC/parameterset/set2.json,cycle_qv_csv/sim_000330.csv,life_soh_csv/sim_000330.csv,345,1.1105613113512247,16.96027930228339,29.946173924943704,27.775000471007218,1.0198314836396365,2.8753130027955756,5.552806556756124e-09,4.240069825570847e-21,2.994617392494371e-08,2.7775000471007216e-05,61189889.01837819,1.1501252011182302e-05
331,/home/peiheng/Pybamm4NMC/parameterset/set2.json,cycle_qv_csv/sim_000331.csv,life_soh_csv/sim_000331.csv,501,1.3715893325638646,21.435165044674857,11.426235883766111,15.205892653549327,0.9185478334643614,1.5911564656077002,6.857946662819323e-09,5.358791261168714e-21,1.1426235883766112e-08,1.5205892653549327e-05,55112870.00786169,6.3646258624308e-06
332,/home/peiheng/Pybamm4NMC/parameterset/set2.json,cycle_qv_csv/sim_000332.csv,life_soh_csv/sim_000332.csv,333,1.886973129424852,8.088704597348297,8.34884788140379,35.53204924235791,1.0730981322799524,1.9150405574855398,9.43486564712426e-09,2.022176149337074e-21,8.34884788140379e-09,3.5532049242357904e-05,64385887.93679715,7.660162229942158e-06
333,/home/peiheng/Pybamm4NMC/parameterset/set2.json,cycle_qv_csv/sim_000333.csv,life_soh_csv/sim_000333.csv,516,1.1350283347587302,11.988479925142903,43.54634545897322,40.90734777573796,0.9799720216888791,1.3519174454581733,5.675141673793651e-09,2.9971199812857255e-21,4.3546345458973226e-08,4.0907347775737956e-05,58798321.30133274,5.407669781832693e-06
334,/home/peiheng/Pybamm4NMC/parameterset/set2.json,cycle_qv_csv/sim_000334.csv,life_soh_csv/sim_000334.csv,665,1.6793434726108338,8.888988015005452,33.67448650401802,7.199100631750623,0.8744800525100361,1.1777980946415696,8.39671736305417e-09,2.222247003751363e-21,3.3674486504018025e-08,7.1991006317506225e-06,52468803.15060217,4.711192378566278e-06
335,/home/peiheng/Pybamm4NMC/parameterset/set2.json,cycle_qv_csv/sim_000335.csv,life_soh_csv/sim_000335.csv,572,1.3975593031438391,26.945940302015305,48.17299864293306,19.929702050438422,1.1859305952679644,2.2538111119466033,6.987796515719196e-09,6.736485075503826e-21,4.817299864293306e-08,1.9929702050438422e-05,71155835.71607786,9.015244447786412e-06
336,/home/peiheng/Pybamm4NMC/parameterset/set2.json,cycle_qv_csv/sim_000336.csv,life_soh_csv/sim_000336.csv,345,1.6103173035606542,18.51523080555844,18.63599422127544,46.052213195757126,1.114034362715227,2.54988232527122,8.051586517803271e-09,4.6288077013896095e-21,1.863599422127544e-08,4.605221319575712e-05,66842061.762913615,1.019952930108488e-05
337,/home/peiheng/Pybamm4NMC/parameterset/set2.json,cycle_qv_csv/sim_000337.csv,life_soh_csv/sim_000337.csv,274,1.7871617659762866,26.295534561045443,22.995006826105254,24.032046875968533,0.8024032243851053,2.2181684561934127,8.935808829881433e-09,6.5738836402613604e-21,2.2995006826105255e-08,2.403204687596853e-05,48144193.46310631,8.87267382477365e-06
338,/home/peiheng/Pybamm4NMC/parameterset/set2.json,cycle_qv_csv/sim_000338.csv,life_soh_csv/sim_000338.csv,405,1.3266671522462192,21.91843343559598,6.140748280807213,19.536461806889193,0.8825075072451796,1.8687652848438796,6.633335761231096e-09,5.479608358898994e-21,6.140748280807214e-09,1.953646180688919e-05,52950450.43471077,7.475061139375518e-06
339,/home/peiheng/Pybamm4NMC/parameterset/set2.json,cycle_qv_csv/sim_000339.csv,life_soh_csv/sim_000339.csv,296,1.515588102907805,25.682146192115024,48.01667203458278,43.807011808240745,0.9473441029907704,2.3404073094386173,7.577940514539025e-09,6.4205365480287556e-21,4.801667203458279e-08,4.380701180824074e-05,56840646.17944623,9.361629237754469e-06
340,/home/peiheng/Pybamm4NMC/parameterset/set2.json,cycle_qv_csv/sim_000340.csv,life_soh_csv/sim_000340.csv,675,1.1490265029160829,18.715044557867362,29.142304843775005,13.829960325274643,1.0119678926151885,1.3581543638718045,5.7451325145804144e-09,4.67876113946684e-21,2.9142304843775005e-08,1.3829960325274642e-05,60718073.55691131,5.432617455487218e-06
341,/home/peiheng/Pybamm4NMC/parameterset/set2.json,cycle_qv_csv/sim_000341.csv,life_soh_csv/sim_000341.csv,360,1.7412005773702717,10.739970219481012,15.741910723832357,49.70786763570102,1.1318760074609686,2.1723840907010183,8.706002886851358e-09,2.684992554870253e-21,1.5741910723832357e-08,4.970786763570102e-05,67912560.44765812,8.689536362804073e-06
342,/home/peiheng/Pybamm4NMC/parameterset/set2.json,cycle_qv_csv/sim_000342.csv,life_soh_csv/sim_000342.csv,353,1.4970002563090665,16.392922296184295,36.73971466173398,29.274320064182657,0.8474300566564563,1.6792923442427903,7.485001281545333e-09,4.098230574046073e-21,3.673971466173398e-08,2.9274320064182654e-05,50845803.39938738,6.717169376971161e-06
343,/home/peiheng/Pybamm4NMC/parameterset/set2.json,cycle_qv_csv/sim_000343.csv,life_soh_csv/sim_000343.csv,318,1.011050826005971,7.1063676274684795,39.23490062313018,25.525601927673904,0.9715888300974356,2.9075016420056663,5.055254130029855e-09,1.7765919068671197e-21,3.9234900623130185e-08,2.5525601927673904e-05,58295329.80584613,1.1630006568022665e-05
344,/home/peiheng/Pybamm4NMC/parameterset/set2.json,cycle_qv_csv/sim_000344.csv,life_soh_csv/sim_000344.csv,977,1.772974081760678,27.81467152686206,22.707890330330304,10.590141619641962,1.090250199657583,1.1408776279682202,8.86487040880339e-09,6.953667881715514e-21,2.2707890330330305e-08,1.0590141619641961e-05,65415011.97945499,4.563510511872881e-06
345,/home/peiheng/Pybamm4NMC/parameterset/set2.json,cycle_qv_csv/sim_000345.csv,life_soh_csv/sim_000345.csv,347,1.9167949550033039,12.438981202876384,16.92594472459507,34.31613982746056,1.185323869597882,2.590896051279565,9.58397477501652e-09,3.1097453007190956e-21,1.692594472459507e-08,3.431613982746056e-05,71119432.17587292,1.0363584205118259e-05
347,/home/peiheng/Pybamm4NMC/parameterset/set2.json,cycle_qv_csv/sim_000347.csv,life_soh_csv/sim_000347.csv,564,1.482401153770916,7.0480229679383335,24.24836483091144,35.85447606810422,1.0176491782262373,1.1565403862468446,7.41200576885458e-09,1.762005741984583e-21,2.4248364830911442e-08,3.5854476068104215e-05,61058950.69357424,4.626161544987378e-06
348,/home/peiheng/Pybamm4NMC/parameterset/set2.json,cycle_qv_csv/sim_000348.csv,life_soh_csv/sim_000348.csv,379,1.571351917938403,20.74880909580778,18.768011789554244,16.586328986205288,1.0602417562739548,2.9038411326879756,7.856759589692016e-09,5.187202273951944e-21,1.8768011789554244e-08,1.6586328986205286e-05,63614505.376437284,1.1615364530751902e-05
349,/home/peiheng/Pybamm4NMC/parameterset/set2.json,cycle_qv_csv/sim_000349.csv,life_soh_csv/sim_000349.csv,388,1.3087333291922696,24.292296297499107,5.247672281398943,12.856406340344158,0.8518545517200891,1.9913918360151874,6.543666645961348e-09,6.073074074374776e-21,5.247672281398943e-09,1.2856406340344158e-05,51111273.103205346,7.96556734406075e-06
350,/home/peiheng/Pybamm4NMC/parameterset/set2.json,cycle_qv_csv/sim_000350.csv,life_soh_csv/sim_000350.csv,454,1.710415468871063,12.176068094730553,32.76283960082647,24.165149267496197,0.9823188184536116,1.5733480918886593,8.552077344355316e-09,3.044017023682638e-21,3.276283960082647e-08,2.4165149267496197e-05,58939129.10721669,6.293392367554637e-06
351,/home/peiheng/Pybamm4NMC/parameterset/set2.json,cycle_qv_csv/sim_000351.csv,life_soh_csv/sim_000351.csv,358,1.999461501355039,10.770439619398605,39.087563459511195,32.03958923851616,1.1065887240371037,2.2094510812947163,9.997307506775195e-09,2.692609904849651e-21,3.90875634595112e-08,3.203958923851616e-05,66395323.44222622,8.837804325178865e-06
352,/home/peiheng/Pybamm4NMC/parameterset/set2.json,cycle_qv_csv/sim_000352.csv,life_soh_csv/sim_000352.csv,263,1.8215428503122588,16.920368919463886,35.01949154764471,39.405568699062506,0.9428476283283097,2.4530878658304003,9.107714251561294e-09,4.2300922298659715e-21,3.501949154764472e-08,3.9405568699062505e-05,56570857.69969858,9.8123514633216e-06
353,/home/peiheng/Pybamm4NMC/parameterset/set2.json,cycle_qv_csv/sim_000353.csv,life_soh_csv/sim_000353.csv,279,1.1197330939663115,27.71260442360671,14.02064038822997,9.688851504326918,0.8123995500777439,2.5666110591748765,5.598665469831558e-09,6.928151105901677e-21,1.402064038822997e-08,9.688851504326917e-06,48743973.00466464,1.0266444236699506e-05
354,/home/peiheng/Pybamm4NMC/parameterset/set2.json,cycle_qv_csv/sim_000354.csv,life_soh_csv/sim_000354.csv,556,1.4589613113685906,17.99033910953817,48.049012249758114,27.00568931250946,1.1950763010282284,2.110984353755786,7.294806556842953e-09,4.497584777384542e-21,4.804901224975812e-08,2.700568931250946e-05,71704578.0616937,8.443937415023144e-06
355,/home/peiheng/Pybamm4NMC/parameterset/set2.json,cycle_qv_csv/sim_000355.csv,life_soh_csv/sim_000355.csv,243,1.9473594911577239,10.686995423117065,33.97756836106767,35.75159895356754,0.8004292471069951,1.928746506544439,9.73679745578862e-09,2.671748855779266e-21,3.397756836106767e-08,3.575159895356753e-05,48025754.82641971,7.714986026177755e-06
356,/home/peiheng/Pybamm4NMC/parameterset/set2.json,cycle_qv_csv/sim_000356.csv,life_soh_csv/sim_000356.csv,518,1.7390668307525279,12.936438128567044,13.59114159742472,20.187209428556464,1.045858067949399,1.6434976409232496,8.69533415376264e-09,3.2341095321417607e-21,1.359114159742472e-08,2.0187209428556462e-05,62751484.07696394,6.573990563692998e-06
357,/home/peiheng/Pybamm4NMC/parameterset/set2.json,cycle_qv_csv/sim_000357.csv,life_soh_csv/sim_000357.csv,337,1.2576000949265187,21.958888861421702,17.852555150815164,13.045355385354723,0.9051652438014764,2.6479148326062125,6.288000474632594e-09,5.489722215355425e-21,1.7852555150815164e-08,1.3045355385354723e-05,54309914.628088586,1.0591659330424849e-05
358,/home/peiheng/Pybamm4NMC/parameterset/set2.json,cycle_qv_csv/sim_000358.csv,life_soh_csv/sim_000358.csv,529,1.8756583499316148,15.494400501432985,27.60940753953967,46.98163948718118,1.0742071735380094,1.502677513807882,9.378291749658074e-09,3.873600125358246e-21,2.7609407539539672e-08,4.6981639487181175e-05,64452430.41228057,6.010710055231528e-06
359,/home/peiheng/Pybamm4NMC/parameterset/set2.json,cycle_qv_csv/sim_000359.csv,life_soh_csv/sim_000359.csv,975,1.1984158015225834,30.0,42.65845799463172,28.336890554860418,1.0993949398347773,1.0641624236966107,5.9920790076129174e-09,7.499999999999999e-21,4.265845799463172e-08,2.8336890554860417e-05,65963696.390086636,4.256649694786443e-06
360,/home/peiheng/Pybamm4NMC/parameterset/set2.json,cycle_qv_csv/sim_000360.csv,life_soh_csv/sim_000360.csv,277,1.5165401897558182,26.766468941911125,7.300706098974684,7.910578901604547,0.8549267084666348,2.864654449196831,7.58270094877909e-09,6.691617235477781e-21,7.300706098974685e-09,7.910578901604546e-06,51295602.50799809,1.1458617796787324e-05
361,/home/peiheng/Pybamm4NMC/parameterset/set2.json,cycle_qv_csv/sim_000361.csv,life_soh_csv/sim_000361.csv,304,1.1161171618507761,8.019815211827106,24.028927772104872,40.81321951452403,0.9670042350889784,2.4313841585094456,5.58058580925388e-09,2.0049538029567764e-21,2.4028927772104872e-08,4.081321951452403e-05,58020254.1053387,9.725536634037782e-06
362,/home/peiheng/Pybamm4NMC/parameterset/set2.json,cycle_qv_csv/sim_000362.csv,life_soh_csv/sim_000362.csv,509,1.438452099133246,8.274502209199253,37.62965200056915,46.996650584371324,1.0784341349730284,1.4738093397491143,7.19226049566623e-09,2.0686255522998133e-21,3.7629652000569155e-08,4.6996650584371324e-05,64706048.098381706,5.895237358996457e-06
363,/home/peiheng/Pybamm4NMC/parameterset/set2.json,cycle_qv_csv/sim_000363.csv,life_soh_csv/sim_000363.csv,301,1.784217459593457,6.738332354593068,22.819582297113463,13.264029758803746,0.8577027254588734,2.544820698055187,8.921087297967285e-09,1.6845830886482667e-21,2.2819582297113463e-08,1.3264029758803745e-05,51462163.527532406,1.0179282792220747e-05
364,/home/peiheng/Pybamm4NMC/parameterset/set2.json,cycle_qv_csv/sim_000364.csv,life_soh_csv/sim_000364.csv,428,1.354595952385513,22.665586531550023,8.469384334407659,6.808715051340428,0.8164893656288539,1.694596787999211,6.772979761927565e-09,5.666396632887505e-21,8.46938433440766e-09,6.808715051340428e-06,48989361.937731236,6.778387151996843e-06
365,/home/peiheng/Pybamm4NMC/parameterset/set2.json,cycle_qv_csv/sim_000365.csv,life_soh_csv/sim_000365.csv,583,1.6395421229299867,28.727701442980983,17.812027927889297,33.31066351334194,1.1917238038881455,2.0261726702553715,8.197710614649933e-09,7.181925360745246e-21,1.78120279278893e-08,3.3310663513341944e-05,71503428.23328874,8.104690681021486e-06
366,/home/peiheng/Pybamm4NMC/parameterset/set2.json,cycle_qv_csv/sim_000366.csv,life_soh_csv/sim_000366.csv,346,1.0583049303562801,18.636731337425264,14.158351594054393,16.909796231420348,0.9529560196407489,2.8242769665057845,5.291524651781401e-09,4.6591828343563156e-21,1.4158351594054394e-08,1.6909796231420346e-05,57177361.17844494,1.1297107866023138e-05
367,/home/peiheng/Pybamm4NMC/parameterset/set2.json,cycle_qv_csv/sim_000367.csv,life_soh_csv/sim_000367.csv,309,1.605621589372814,14.967510281608533,41.929465000030355,39.41380436535179,0.9209510012472559,1.8914362135821232,8.02810794686407e-09,3.7418775704021325e-21,4.192946500003036e-08,3.941380436535179e-05,55257060.07483535,7.565744854328493e-06
368,/home/peiheng/Pybamm4NMC/parameterset/set2.json,cycle_qv_csv/sim_000368.csv,life_soh_csv/sim_000368.csv,683,1.140974354243657,12.73325936330047,32.092725932940965,30.592817234803466,1.0054870864736862,1.1543731145124025,5.7048717712182855e-09,3.183314840825117e-21,3.2092725932940964e-08,3.0592817234803465e-05,60329225.188421175,4.61749245804961e-06
369,/home/peiheng/Pybamm4NMC/parameterset/set2.json,cycle_qv_csv/sim_000369.csv,life_soh_csv/sim_000369.csv,441,1.9068579319488332,25.16188113777066,48.733529114182055,22.24621616932135,1.1131467808579714,2.3825871077712857,9.534289659744166e-09,6.290470284442664e-21,4.8733529114182057e-08,2.224621616932135e-05,66788806.85147828,9.530348431085142e-06
370,/home/peiheng/Pybamm4NMC/parameterset/set2.json,cycle_qv_csv/sim_000370.csv,life_soh_csv/sim_000370.csv,795,1.418484274023713,18.452254864795258,22.49148554419744,27.999258725531675,1.123718389544441,1.2995588237050129,7.092421370118565e-09,4.613063716198814e-21,2.249148554419744e-08,2.7999258725531675e-05,67423103.37266645,5.1982352948200515e-06
372,/home/peiheng/Pybamm4NMC/parameterset/set2.json,cycle_qv_csv/sim_000372.csv,life_soh_csv/sim_000372.csv,378,1.1558441084080953,25.87613804902787,31.99445984474222,19.567109042702363,1.0603976553675687,2.948994801944864,5.779220542040476e-09,6.469034512256967e-21,3.1994459844742225e-08,1.9567109042702362e-05,63623859.32205412,1.1795979207779457e-05
373,/home/peiheng/Pybamm4NMC/parameterset/set2.json,cycle_qv_csv/sim_000373.csv,life_soh_csv/sim_000373.csv,309,1.835572378920653,23.025949599474096,38.609984428412474,5.289311418205655,0.8381743785474365,2.465422329258821,9.177861894603265e-09,5.7564873998685234e-21,3.860998442841248e-08,5.2893114182056546e-06,50290462.71284619,9.861689317035283e-06
374,/home/peiheng/Pybamm4NMC/parameterset/set2.json,cycle_qv_csv/sim_000374.csv,life_soh_csv/sim_000374.csv,380,1.915500266769579,8.298689228162015,7.954509782915457,25.98355087874399,1.0477911572093146,2.062528469526546,9.577501333847896e-09,2.0746723070405034e-21,7.954509782915458e-09,2.598355087874399e-05,62867469.43255888,8.250113878106183e-06
375,/home/peiheng/Pybamm4NMC/parameterset/set2.json,cycle_qv_csv/sim_000375.csv,life_soh_csv/sim_000375.csv,261,1.6050763109491823,16.547083559156235,48.46216352843226,36.70119277641325,0.9254370752754876,2.700107056996079,8.025381554745911e-09,4.136770889789058e-21,4.846216352843226e-08,3.670119277641325e-05,55526224.516529255,1.0800428227984316e-05
376,/home/peiheng/Pybamm4NMC/parameterset/set2.json,cycle_qv_csv/sim_000376.csv,life_soh_csv/sim_000376.csv,547,1.3604348310979142,7.342041927416362,41.96505716533107,10.629542592012719,0.9808642307503147,1.7973207487385072,6.802174155489571e-09,1.8355104818540906e-21,4.196505716533107e-08,1.0629542592012718e-05,58851853.84501888,7.189282994954028e-06
377,/home/peiheng/Pybamm4NMC/parameterset/set2.json,cycle_qv_csv/sim_000377.csv,life_soh_csv/sim_000377.csv,664,1.1022184664380033,13.750413260165086,13.035574254316142,43.47027967225302,1.1988803694048689,1.5809884456816619,5.511092332190017e-09,3.4376033150412715e-21,1.3035574254316143e-08,4.347027967225302e-05,71932822.16429213,6.323953782726647e-06
378,/home/peiheng/Pybamm4NMC/parameterset/set2.json,cycle_qv_csv/sim_000378.csv,life_soh_csv/sim_000378.csv,351,1.0935438550098193,12.898767498379447,7.456925630302752,33.92497007753407,0.8678611670716648,1.913181454227015,5.4677192750490965e-09,3.2246918745948615e-21,7.456925630302752e-09,3.392497007753407e-05,52071670.02429989,7.65272581690806e-06
379,/home/peiheng/Pybamm4NMC/parameterset/set2.json,cycle_qv_csv/sim_000379.csv,life_soh_csv/sim_000379.csv,389,1.4093348302411766,24.794433228713253,17.472902310482866,40.45745933276909,1.0895711024659809,2.4299488897518606,7.046674151205883e-09,6.198608307178313e-21,1.7472902310482867e-08,4.045745933276909e-05,65374266.14795885,9.719795559007441e-06
380,/home/peiheng/Pybamm4NMC/parameterset/set2.json,cycle_qv_csv/sim_000380.csv,life_soh_csv/sim_000380.csv,516,1.7611110801560348,29.79666496759867,39.71083198421269,6.7787661314449,0.8037818072626014,1.2411459407973167,8.805555400780174e-09,7.449166241899667e-21,3.971083198421269e-08,6.7787661314449e-06,48226908.43575609,4.9645837631892665e-06
381,/home/peiheng/Pybamm4NMC/parameterset/set2.json,cycle_qv_csv/sim_000381.csv,life_soh_csv/sim_000381.csv,305,1.9601928375761901,8.462766267352409,13.51755938554722,32.174967148789236,1.1582001808361424,2.89634381223971,9.80096418788095e-09,2.115691566838102e-21,1.351755938554722e-08,3.217496714878924e-05,69492010.85016854,1.1585375248958839e-05
382,/home/peiheng/Pybamm4NMC/parameterset/set2.json,cycle_qv_csv/sim_000382.csv,life_soh_csv/sim_000382.csv,414,1.3020624732495412,23.39221798061611,45.46155649592731,48.79114686469584,0.9318858800120556,1.6775444045226267,6.510312366247706e-09,5.848054495154027e-21,4.546155649592731e-08,4.8791146864695834e-05,55913152.80072334,6.710177618090506e-06
383,/home/peiheng/Pybamm4NMC/parameterset/set2.json,cycle_qv_csv/sim_000383.csv,life_soh_csv/sim_000383.csv,647,1.1385004138900383,6.8374608162396235,35.93795874085464,10.631572348383624,1.1353663916423296,2.0326319220150992,5.692502069450192e-09,1.7093652040599056e-21,3.593795874085464e-08,1.0631572348383625e-05,68121983.49853978,8.130527688060396e-06
384,/home/peiheng/Pybamm4NMC/parameterset/set2.json,cycle_qv_csv/sim_000384.csv,life_soh_csv/sim_000384.csv,376,1.6392242575422924,14.518562143045424,24.682138045937467,19.005143297163606,1.0297374424604757,2.6347435468045783,8.196121287711463e-09,3.6296405357613556e-21,2.468213804593747e-08,1.9005143297163606e-05,61784246.547628544,1.0538974187218312e-05
385,/home/peiheng/Pybamm4NMC/parameterset/set2.json,cycle_qv_csv/sim_000385.csv,life_soh_csv/sim_000385.csv,587,1.501658061881428,20.074298302193917,29.943513096027733,21.9492726544587,0.9799083965479058,1.3934522631616315,7.50829030940714e-09,5.0185745755484785e-21,2.9943513096027735e-08,2.19492726544587e-05,58794503.79287435,5.573809052646526e-06
386,/home/peiheng/Pybamm4NMC/parameterset/set2.json,cycle_qv_csv/sim_000386.csv,life_soh_csv/sim_000386.csv,316,1.5969436997566895,16.302820062555828,29.57939966084999,40.436973540216776,0.9543958442713074,1.9773683250367617,7.984718498783447e-09,4.075705015638956e-21,2.957939966084999e-08,4.0436973540216775e-05,57263750.65627845,7.909473300147047e-06
387,/home/peiheng/Pybamm4NMC/parameterset/set2.json,cycle_qv_csv/sim_000387.csv,life_soh_csv/sim_000387.csv,630,1.2297125436534713,27.268669296500182,49.28029541063514,48.19937985021086,1.1614204453414043,1.7495621089734377,6.148562718267356e-09,6.817167324125045e-21,4.928029541063514e-08,4.819937985021086e-05,69685226.72048426,6.99824843589375e-06
388,/home/peiheng/Pybamm4NMC/parameterset/set2.json,cycle_qv_csv/sim_000388.csv,life_soh_csv/sim_000388.csv,269,1.765288762855403,7.7675330862582745,40.32324650461042,18.841106743484396,0.8570902733288978,2.6579595815455903,8.826443814277015e-09,1.9418832715645686e-21,4.032324650461042e-08,1.8841106743484394e-05,51425416.399733864,1.063183832618236e-05
389,/home/peiheng/Pybamm4NMC/parameterset/set2.json,cycle_qv_csv/sim_000389.csv,life_soh_csv/sim_000389.csv,669,1.6542868315136539,13.036537638661748,11.292022080896615,34.095954454907684,1.0658458106041169,1.1814888196471423,8.27143415756827e-09,3.2591344096654368e-21,1.1292022080896616e-08,3.4095954454907685e-05,63950748.63624701,4.725955278588568e-06
390,/home/peiheng/Pybamm4NMC/parameterset/set2.json,cycle_qv_csv/sim_000390.csv,life_soh_csv/sim_000390.csv,243,1.9160645414272346,21.511135343239946,19.094002756516268,32.00372283467696,0.8185945971288539,2.3696666159626805,9.580322707136174e-09,5.377783835809986e-21,1.909400275651627e-08,3.200372283467695e-05,49115675.82773123,9.478666463850722e-06
391,/home/peiheng/Pybamm4NMC/parameterset/set2.json,cycle_qv_csv/sim_000391.csv,life_soh_csv/sim_000391.csv,631,1.4002463614135672,26.03590021735478,5.46780690921657,8.343913603488962,1.1456845144609646,2.0025273624197766,7.001231807067836e-09,6.508975054338694e-21,5.467806909216571e-09,8.343913603488963e-06,68741070.86765788,8.010109449679107e-06
392,/home/peiheng/Pybamm4NMC/parameterset/set2.json,cycle_qv_csv/sim_000392.csv,life_soh_csv/sim_000392.csv,464,1.3627164655967747,9.259383419308495,38.06350738341022,27.398178826916787,0.9285515444113008,1.388784901514977,6.813582327983874e-09,2.3148458548271237e-21,3.806350738341022e-08,2.7398178826916787e-05,55713092.66467805,5.5551396060599075e-06
393,/home/peiheng/Pybamm4NMC/parameterset/set2.json,cycle_qv_csv/sim_000393.csv,life_soh_csv/sim_000393.csv,390,1.0053724726386595,18.04128271388749,23.25149377777328,11.470187318901367,1.0153009987439998,2.8741310990641145,5.0268623631932976e-09,4.5103206784718725e-21,2.3251493777773283e-08,1.1470187318901366e-05,60918059.92463999,1.1496524396256458e-05
394,/home/peiheng/Pybamm4NMC/parameterset/set2.json,cycle_qv_csv/sim_000394.csv,life_soh_csv/sim_000394.csv,280,1.3037839316729953,20.25141551988701,40.9694664117053,47.18477569216419,1.0341674509452945,2.9699333060340747,6.518919658364977e-09,5.062853879971752e-21,4.09694664117053e-08,4.718477569216419e-05,62050047.05671767,1.1879733224136298e-05
395,/home/peiheng/Pybamm4NMC/parameterset/set2.json,cycle_qv_csv/sim_000395.csv,life_soh_csv/sim_000395.csv,413,1.2250734878406875,17.27539687752054,16.75912738740239,25.69582209310713,0.9314892292005948,1.8798766680616943,6.1253674392034376e-09,4.318849219380134e-21,1.6759127387402392e-08,2.5695822093107128e-05,55889353.75203569,7.5195066722467765e-06
396,/home/peiheng/Pybamm4NMC/parameterset/set2.json,cycle_qv_csv/sim_000396.csv,life_soh_csv/sim_000396.csv,366,1.7990635352292166,10.403027631222974,34.144895394129016,18.096398120852804,0.9697358004106705,2.351611051412078,8.995317676146082e-09,2.6007569078057434e-21,3.414489539412902e-08,1.8096398120852804e-05,58184148.02464023,9.406444205648311e-06
397,/home/peiheng/Pybamm4NMC/parameterset/set2.json,cycle_qv_csv/sim_000397.csv,life_soh_csv/sim_000397.csv,865,1.8966381989139547,28.781566900806396,29.715367716873978,5.9924666083413465,1.0838617548737202,1.3635739215823417,9.483190994569774e-09,7.195391725201598e-21,2.971536771687398e-08,5.9924666083413465e-06,65031705.29242321,5.4542956863293665e-06
398,/home/peiheng/Pybamm4NMC/parameterset/set2.json,cycle_qv_csv/sim_000398.csv,life_soh_csv/sim_000398.csv,298,1.39848728872906,13.755550950369503,22.102632041704453,31.85857936638252,0.8729685674939855,2.230224811865309,6.9924364436453e-09,3.4388877375923755e-21,2.2102632041704456e-08,3.185857936638252e-05,52378114.049639136,8.920899247461235e-06
399,/home/peiheng/Pybamm4NMC/parameterset/set2.json,cycle_qv_csv/sim_000399.csv,life_soh_csv/sim_000399.csv,395,1.7146385225158964,6.095957113641227,48.43226916978146,13.19931310502648,0.8347841874158668,1.7206687396517595,8.573192612579482e-09,1.5239892784103068e-21,4.8432269169781464e-08,1.319931310502648e-05,50087051.24495201,6.882674958607037e-06
400,/home/peiheng/Pybamm4NMC/parameterset/set2.json,cycle_qv_csv/sim_000400.csv,life_soh_csv/sim_000400.csv,399,1.0562007813320853,25.391093565928887,7.837581218701594,39.52522888620248,1.1140845809446094,2.5061145677129435,5.281003906660427e-09,6.347773391482221e-21,7.837581218701595e-09,3.952522888620248e-05,66845074.85667656,1.0024458270851774e-05
401,/home/peiheng/Pybamm4NMC/parameterset/set2.json,cycle_qv_csv/sim_000401.csv,life_soh_csv/sim_000401.csv,889,1.4195592404281083,21.73963622103119,10.879305677193065,38.3181757453694,1.2,1.199240452999012,7.097796202140542e-09,5.434909055257797e-21,1.0879305677193065e-08,3.83181757453694e-05,72000000.0,4.796961811996048e-06
402,/home/peiheng/Pybamm4NMC/parameterset/set2.json,cycle_qv_csv/sim_000402.csv,life_soh_csv/sim_000402.csv,273,1.923033931261806,11.514921765921567,33.94346159955387,24.12653951225531,0.8687184169895358,2.4507627673214047,9.615169656309031e-09,2.8787304414803916e-21,3.3943461599553875e-08,2.4126539512255308e-05,52123105.01937215,9.803051069285618e-06
403,/home/peiheng/Pybamm4NMC/parameterset/set2.json,cycle_qv_csv/sim_000403.csv,life_soh_csv/sim_000403.csv,298,1.1496026703223117,8.862709040617286,31.519686479937974,38.172963163809825,1.0321492329912378,2.950247389428839,5.7480133516115585e-09,2.2156772601543212e-21,3.151968647993797e-08,3.817296316380982e-05,61928953.97947427,1.1800989557715355e-05
404,/home/peiheng/Pybamm4NMC/parameterset/set2.json,cycle_qv_csv/sim_000404.csv,life_soh_csv/sim_000404.csv,470,1.263795603116956,5.79160125686813,13.617920451274166,15.454628050283503,0.9960010236550614,2.045852660390202,6.31897801558478e-09,1.4479003142170325e-21,1.3617920451274168e-08,1.5454628050283504e-05,59760061.419303685,8.183410641560807e-06
405,/home/peiheng/Pybamm4NMC/parameterset/set2.json,cycle_qv_csv/sim_000405.csv,life_soh_csv/sim_000405.csv,273,1.4723270270235804,18.05077618176299,19.313371388327504,43.69348520591364,0.8007348534426662,1.820861092284209,7.361635135117902e-09,4.5126940454407476e-21,1.9313371388327504e-08,4.369348520591364e-05,48044091.20655997,7.2834443691368355e-06
407,/home/peiheng/Pybamm4NMC/parameterset/set2.json,cycle_qv_csv/sim_000407.csv,life_soh_csv/sim_000407.csv,509,1.0414483263608147,22.849841015795402,25.65074275442816,6.814800153067583,1.1345188848786987,2.7405890147504754,5.207241631804074e-09,5.71246025394885e-21,2.5650742754428158e-08,6.814800153067583e-06,68071133.09272192,1.0962356059001901e-05
408,/home/peiheng/Pybamm4NMC/parameterset/set2.json,cycle_qv_csv/sim_000408.csv,life_soh_csv/sim_000408.csv,429,1.6160406802451,29.853922352541574,46.090094781502735,29.89000944126879,0.9194479295737414,1.7156466130190675,8.0802034012255e-09,7.463480588135393e-21,4.609009478150274e-08,2.989000944126879e-05,55166875.774424486,6.86258645207627e-06
